titre,type
Décret exécutif n° 04-236 du 7 Rajab 1425 correspondant au 23 août 2004 portant réorganisation du centre de diffusion cinématographique et changement de sa dénomination,Centre de Diffusion Cinématographique
Arrêté du 29 septembre 1992 portant création et organisation de la commission de lecteurs et modalités d'attribution des subventions au titre de l'encouragement à la production audio-visuelle,Fonds de développement de l'art de la technique et de l'industrie cinématographiques 
"Décret exécutif n° 91-03 du 19 janvier 1991 fixant les modalités de fonctionnement du fonds de développements de l'art, de la technique et de l'industrie cinématographiques et précisant les conditions d'attribution des prêts et subventions alloués par le fonds",Fonds de développement de l'art de la technique et de l'industrie cinématographiques 
"Décret exécutif n° 99-296 du 8 Ramadhan 1420 correspondant au 16 décembre 1999 complétant le décret exécutif n° 93-149 du 22 juin 1993, modifié et complété, portant statut de la bibliothèque nationale",Bibliothèque Nationale
Ordonnance n°67-281 du 20 décembre 1967 relative aux fouilles et à la protection des sites et monuments historiques et naturels,Loi
Arrêté du 29 septembre 1992 portant création et organisation de la commission de lecteurs et modalités d'attribution des subventions au titre de l'encouragement à la production audio-visuelle,Fonds de développement de l'art de la technique et de l'industrie cinématographiques 
Arrêté du 24 septembre 1974 fixant les conditions d'adhésion des auteurs à l'office national du droit d'auteur,Droits d auteur et Voisins ONDA
"Ordonnance n° 73-26 du 5 juin  1973 portant adhésion de l'Algérie à  la convention universelle sur le  droit d'auteur de 1952, révisée à Paris  le 24 juillet 1971",Droits d auteur et Voisins ONDA
Décret exécutif n° 03-278 du 24 Joumada Ethania 1424 correspondant au 23 août 2003 fixant le cadre réglementaire de diffusion de livres et ouvrages en Algérie,Livre
Ordonnance n° 96-16 du 16 Safar 1417 correspondant au 2 juillet 1996 relative  au dépôt légal,Droits d auteur et Voisins ONDA
Décret n° 87-88 du 21 avril 1987  portant réorganisation de l'office du  parc national du Tassili,Office
Décret n° 87-89 du 21 avril 1987  portant réglementation du parc national  du Tassili,Office
Décret exécutif n° 05-488 du 20 Dhou El Kaada 1426 correspondant au 22 décembre 2005 portant transformation de la nature juridique de l'agence nationale d'archéologie et de protection des sites et monuments historiques et changement de sa dénomination,Office
Arrêté du 21 Rabie El Aouel 1426 correspondant au 30 avril 2005 portant création d'une annexe de l'office national de la culture et de l'information à Tizi Ouzou,ONCI
Décret exécutif n°98-241 du 8 Rabie Ethani 1419 correspondant au 1er août 1998 portant transformation des centres de culture et d'information en office national de la culture et de l'information,ONCI
Décret exécutif n° 95-47 du 5 Ramadhan 1415 correspondant au 5 février 1995 portant réaménagement des statuts de l'office Riadh El Feth,Office Riadh El Feth
Ordonnance n° 73-46 du 25 juillet 1973  portant création de l'office national du  droit d'auteur (ONDA),Droits d auteur et Voisins ONDA
Arrêté du 13 Joumada Ethania 1424 correspondant au 12 août 2003 portant délégation de pouvoir de nomination et de gestion administrative aux directeurs de la culture de wilayas,Direction culturelle
Arrêté interministériel du 8 octobre 1974 fixant les conditions d'organisation et de fonctionnement des directions de wilayas chargées de l'information et de la culture,Direction culturelle
Décret exécutif n° 92-281 du 6 juillet 1992 portant création et organisation des directions de la culture et de la communication,Direction culturelle
Décret exécutif n° 94-414 du 19 Joumada Ethania 1415 correspondant au 23 novembre 1994 portant création et organisation des directions de la culture de wilaya,Direction culturelle
Arrêté du 4 Joumada El Oula 1426 correspondant au 11 juin 2005 portant composition et fonctionnement du conseil artistique du Ballet National,Ballet national
Arrêté du 12 Joumada Ethania 1426 correspondant au 18 juillet 2005 fixant la composition nominative des membres du conseil d\x92administration du ballet national,Ballet national
Arrêté du 24 Moharram 1418 correspondant au 31 mai 1997 fixant la composition du conseil artistique de l'orchestre symphonique national et son fonctionnement,Musique
Arrêté du 28 Ramadhan 1418 correspondant au 26  janvier 1998 fixant la composition du conseil   d'administration de l'orchestre symphonique national,Musique
Arrêté du Aouel Safar 1427 correspondant au 1er mars 2006 fixant la liste nominative du conseil d'administration de l'orchestre symphonique national.,Musique
Décret exécutif n°92-291 du 7 juillet  1992 portant création de l'orchestre  symphonique national,Musique
"قرار وزاري  مشترك مؤرخ في 25 شوال عام 1413 الموافق 17 ابريل سنة 1993,  يتضمن التنظيم الداخلي للمتحف الوطني في مدينة سطيف",Musée 
Loi n° 98-04 du 20 Safar 1419 correspondant au 15 juin 1998 relative à la protection du patrimoine culturel,Loi
Arrêté du 4 Rabie El Aouel 1426 correspondant au 13 avril 2005 fixant les modalités d\x92organisation et de fonctionnement des fonds documentaires spécifiques aux biens culturels immatériels,Loi
Arrêté du 4 Rabie El Aouel 1426 correspondant au 13 avril 2005 fixant la forme et le contenu de la liste générale des biens culturels protégés,Loi
Arrêté du 4 Rabie El Aouel 1426 correspondant au 13 avril 2005 fixant les modalités de collecte et de transmission des données des biens culturels immatériels,Loi
Décret exécutif n° 05-447 du 18 Chaoual 1426 correspondant au 20 novembre 2005 portant création de l'agence algérienne pour le rayonnement culturel et modalités de son organisation et de son fonctionnement,Agence (AARC)
Arrêté du 14 Joumada Ethania 1424 correspondant au 13 août 2003 portant désignation des membres de la commission nationale des biens culturels,Loi
Arrêté interministériel du 21 Dhou El Hidja 1422 correspondant au 5 mars 2002 portant création de la commission chargée de l'acquisition des biens culturels,Loi
Décret exécutif n° 03-325 du 9 Chaâbane 1424 correspondant au 5 octobre 2003 fixant les modalités de stockage des biens culturels immatériels dans la banque nationale de données,Loi
Décret exécutif n° 03-311 du 17 Rajab 1424 correspondant au 14 septembre 2003 fixant les modalités d\x92établissement de l\x92inventaire général des biens culturels protégés,Loi
Décret exécutif n° 03-322 du 9 Chaâbane 1424 correspondant au 5 octobre 2003 portant maîtrise d\x92\x9cuvre relative aux biens culturels immobiliers protégés,Loi
Décret exécutif n° 03-323 du 9 Chaâbane 1424 correspondant au 5 octobre 2003 portant modalités d\x92établissement du plan de protection et de mise en valeur des sites archéologiques et de leur zone de protection (PPMVSA),Loi
Décret exécutif n° 03-324 du 9 Chaâbane 1424 correspondant au 5 octobre 2003 portant modalités d\x92établissement du plan permanent de sauvegarde et de mise en valeur des secteurs sauvegardés (PPSMVSS),Loi
Décret exécutif n° 05-208 du 26 Rabie Ethani 1426 correspondant au 4 juin 2005 portant création et délimitation du secteur sauvegardé de la vieille ville de Constantine,Loi
Arrêté interministériel du 10 octobre 1979 relatif au recrutement d'animateurs culturels contractuels par les maisons de la culture et les centres de culture et d'information,Maisons de culture
"Décret exécutif n° 05-490 du 20 Dhou El Kaada 1426 correspondant au 22 décembre 2005 fixant les modalités d'exercice du droit de réintégration du locataire dans les biens immeubles culturels protégés restaurés à usage commercial, artisanal et professionnel compris dans un secteur sauvegardé",Loi
"Ordonnance n° 75-19 du 27 février 1975  portant ratification de l'accord de  coopération culturelle entre la  République algérienne démocratique et  populaire et la République  italienne,signé à Alger, le 15 janvier  1975",Accord et coopération
Arrêté du 6 Rabie El Aouel 1427 correspondant au 5 avril 2006 portant institutionnalisation du festival culturel international de Timgad,Festival
"Ordonnance n°76-22 du 25 mars 1976 portant ratification de l'accord de coopération culturelle entre le Gouvernement de la République algérienne démocratique et populaire et le Gouvernement de la République malgache, signé à Alger le 3 février 1975",Accord et coopération
"Ordonnance n° 76-58 du 16 juillet  1976 portant ratification de l'accord  de coopération culturelle entre  le Gouvernement de la République  algérienne démocratique et populaire et  le  Gouvernement de la République de l'Inde,  signé à Alger le 1er juin 1976",Accord et coopération
"Ordonnance n°76-100 du 6 décembre 1976 portant ratification de l'accord de coopération culturelle entre la République algérienne démocratique et populaire et la République du Pérou, signé à Alger le 1er juin 1976",Accord et coopération
"Décret n° 76-117 du 16 juillet 1976  portant publication de l'accord de  coopération culturelle entre le  Gouvernement de la République  démocratique et populaire et le  Gouvernement de la République des  Comores, signé à Moroni, le 8 mai 1976",Accord et coopération
"Décret n° 78-153 du 24 juin 1978 portant ratification de l'accord de coopération culturelle entre la République algérienne démocratique et populaire et les Etats Unis du Méxique, signé à México le 30 juin 1977",Accord et coopération
"Décret n° 79-259 du 15 décembre  1979 portant ratification de l'accord  culturel entre le Gouvernement de la  République algérienne démocratique et  populaire et le Gouvernement du Royaume  Hachémite de Jordanie, signé à Amman, le  31 mai 1979",Accord et coopération
"Décret n° 80 - 187 du 26 juillet 1980 portant ratification de l'accord de coopération culturelle entre le Gouvernement de la République algérienne démocratique et populaire et le Gouvernement de la République de Sierra-Léone, signé le 22 avril 1980 à Alger",Accord et coopération
"Décret n° 81-51 du 28 mars 1981 portant ratification de la Convention culturelle entre la République algérienne démocratique et populaire et la Jamahirya Arabe Libyenne populaire socialiste, signée à Tripoli le 7 avril 1980",Accord et coopération
"Décret n° 81-69 du 25 avril  1981portant ratification de l'accord  culturel entre le Gouvernement de la  République algérienne démocratique et  populaire et le Gouvernement de la  République populaire de Chine, signé à  Pékin le 17septembre 1980",Accord et coopération
"Décret n°82-462 du 18 décembre 1982  portant ratification de l'accord de  coopération culturelle entre la  République algérienne démocratique et  populaire et la République populaire du  Bangladesh, signé à Alger le 11 mai 1981",Accord et coopération
"Décret n° 83-198 du 19 mars 1983  portant ratification de l'accord de  coopération culturelle entre le  Gouvernement de la République algérienne  démocratique et populaire et le  Gouvernement de la République  démocratique de Sao Tomé et Principe,  signé à Alger le 20 mars 1982",Accord et coopération
"Décret n° 83-206 du 26 mars 1983 portant ratification de l'accord culturel entre le Gouvernement de la République algérienne démocratique et populaire et le Gouvernement de la République portugaise, signé à Alger le 8 décembre 1982",Accord et coopération
"Décret n° 83-250 du 9 avril 1983 portant ratification de l'accord de coopération culturelle entre le Gouvernement de la République algérienne démocratique et populaire et le Gouvernement de la République de Côte d'Ivoire, signé à Yamoussoukro le 13 mai 1981",Accord et coopération
"Décret n° 83-265 du 23 avril 1983  portant ratification de l'accord de  coopération, dans le domaine de  l'information, entre la République  algérienne démocratique et populaire et  la République de Malte, signé à la  Valette le 20 mai 1982",Accord et coopération
"Décret n° 83-480 du 13 août 1983 portant ratification de l'accord de coopération culturelle entre la République algérienne démocratique et populaire et la République populaire d'Angola, signé à Luanda le 15 avril 1983",Accord et coopération
Décret n° 83-574 du 22 octobre 1983 portant ratification de l'accord culturel entre le Gouvernement de la République algérienne démocratique et populaire et le Gouvernement de l'Etat des Emirats arabes unis signé à Alger le 7 mai 1981,Accord et coopération
"Décret n°86-278 du 18 Novembre 1986  portant ratification de l'accord  d'échanges culturels dans le domaine du livre entre le Gouvernement de la République algérienne démocratique et populaire et le Gouvernement de la République française, signé à Alger le 18 janvier 1983",Accord et coopération
"Décret n° 87-07 du 6 janvier 1987 portant ratification de l'accord culturel entre le Gouvernement de la République algérienne démocratique et populaire et le Gouvernement de la République du Vénézuéla, signé à Caracas le 15 mai 1985",Accord et coopération
"Décret n° 87-218 du 6 octobre 1987 portant ratification de l'accord de coopération culturelle entre le Gouvernement de la République algérienne démocratique et populaire et le Gouvernement des Etats-Unis d'Amérique, signé à Alger, le 2 juin 1987",Accord et coopération
"Décret n° 88 - 32 du 16 février 1988 portant ratification de l'accord de coopération culturelle entre le Gouvernement de la République algérienne démocratique et populaire et le Gouvernement de la République orientale de l'Uruguay, signé à Monté vidéo le 24 avril 1987",Accord et coopération
"Décret n° 88-105 du 31 mai 1988  portant ratification de l'accord de  coopération culturelle entre le  Gouvernement de la République algérienne  démocratique et populaire et la Djamahiria  arabe libyenne populaire et socialiste,  signé à Tripoli le 20 décembre 1987",Accord et coopération
"Décret présidentiel n° 90-68 du  20 février 1990 portant ratification  de l'accord de coopération culturelle  entre le Gouvernement de la République  algérienne démocratique et populaire et le  Gouvernement de la République  de l'Equateur, signé à Quito le 7 juin  1988",Accord et coopération
"Décret présidentiel n° 93-76 du 9 mars  1993 portant ratification de l'accord de  coopération culturelle entre le  Gouvernement de la République algérienne  démocratique et populaire et le  Gouvernement de la République  hellénique, signé à Athènes le 22 juin  1988",Accord et coopération
"Décret présidentiel n° 94-80 du 29 Chaoual 1414 correspondant au 10 avril 1994 portant ratification de la convention de coopération culturelle entre les Etats de l'Union du Maghreb arabe, signée à Nouakchott le 15 Joumada El Oula 1413 correspondant au 11 novembre 1992",Accord et coopération
"Décret présidentiel n°01-202 du 2 Joumada El Oula 1422 correspondant au 23 juillet 2001 portant ratification de l'accord  de coopération culturelle entre le Gouvernement de la République algérienne démocratique et populaire et le Gouvernement de la République du Mozambique, signé à Alger le 12 décembre 1998",Accord et coopération
"Décret présidentiel n° 02-59 du 22 Dhou El Kaada 1422 correspondant au 5 février 2002 portant ratification de l'accord entre le Gouvernement de la République algérienne démocratique et populaire et le Gouvernement de la République de Corée dans le domaine culturel, signé à Séoul, le 9 avril 1997",Accord et coopération
"Décret présidentiel n° 03-103 Dhou El Hidja 1423 correspondant au 3 mars 2003 portant ratification de l'accord entre le Gouvernement de la République algérienne démocratique et populaire et  le Gouvernement de la République fédérale du Nigeria sur la coopération dans les domaines de l'art et de la culture, signé à Abuja, le 14 janvier 2002",Accord et coopération
"Décret présidentiel n° 03-202 du 3 Rabie El Aouel 1424 correspondant au 5 mai 2003 portant ratification de l'accord de coopération dans le domaine de la culture, de la science et de la technologie entre le Gouvernement de la République algérienne démocratique et populaire et le Gouvernement de la République italienne, signé à Alger, le 3 juin 2002",Accord et coopération
"Décret présidentiel n° 03-369 du 27 Chaâbane 1424 correspondant au 23 octobre 2003 portant ratification de la Convention de coopération culturelle entre le Gouvernement de la République algérienne démocratique et populaire et le Gouvernement de la République islamique d'Iran, signée à Alger le 25 décembre 2002",Accord et coopération
"Décret présidentiel n° 05-188 du 19 Rabie Ethani 1426 correspondant au 28 mai 2005 portant ratification de l'accord-cadre de coopération culturelle, scientifique, environnementale, éducative et sportive entre le Gouvernement de la République algérienne démocratique et populaire et le Gouvernement de la République bolivienne du Venezuela, signé à Alger le 31 janvier 2002",Accord et coopération
Arrêté interministériel du 23 Chaoual 1422 correspondant au 7 janvier 2002 portant organisation interne des maisons de la culture,Maisons de culture
Arrêté interministériel du 25 juillet 1987 portant organisation des maisons de la culture,Maisons de culture
Décret n° 74-76 du 25 avril 1974 portant création d'un conseil consultatif du centre national d'études historiques,Centre
Décret exécutif n°98-236 du 4 Rabie Ethani 1419 correspondant au 28 juillet 1998 portant statut des maisons de la culture,Maisons de culture
Décret n° 74-244 du 6 décembre 1974 portant création des maisons de la culture,Maisons de culture
Décret n° 76-128 du 27 juillet 1976 relatif au personnel de direction et d'animation des maisons de la culture et fixant les conditions de recrutement et de rémunération du directeur et de l'administrateur de ces établissements,Maisons de culture
Arrêté interministériel du 27 Ramadhan 1421 correspondant au 23 décembre 2000 fixant le siège du centre culturel algérien en République arabe d'Egypte,Centres culturels à l étranger
Arrêté interministériel du 27 Ramadhan 1421 correspondant au 23 décembre 2000 fixant le siège du centre culturel algérien en République française,Centres culturels à l étranger
"Décret exécutif n° 92-108 du 14 mars 1992 modifiant et complétant le décret exécutif n° 91-03 du 19 janvier 1991 fixant les modalités de fonctionnement du fonds de développement de l'art, de la technique et de l'industrie cinématographiques et précisant les conditions d'attribution des prêts et subventions alloués par le fonds",Fonds de développement de l'art de la technique et de l'industrie cinématographiques 
Décret exécutif n°98-154 du 16 Moharram 1419 correspondant au 13 mai 1998 portant statut-type des centres culturels algériens à l'étranger,Centres culturels à l étranger
Décret exécutif n° 2000-207 du Aouel Joumada El Oula 1421 correspondant au 1er août 2000 portant création d'un centre culturel algérien en République arabe d'Egypte,Centres culturels à l étranger
Décret exécutif n° 2000-208 du Aouel Joumada El Oula 1421 correspondant au 1er août 2000 portant création d'un centre culturel algérien en République française,Centres culturels à l étranger
"Décret exécutif n° 92-108 du 14 mars 1992 modifiant et complétant le décret exécutif n° 91-03 du 19 janvier 1991 fixant les modalités de fonctionnement du fonds de développement de l'art, de la technique et de l'industrie cinématographiques et précisant les conditions d'attribution des prêts et subventions alloués par le fonds",Fonds de développement de l'art de la technique et de l'industrie cinématographiques 
Arrêté du 6 Moharram 1427 correspondant au 5 février 2006 portant composition du conseil d'orientation du centre national de la cinématographie et de l'audiovisuel,Cinématographie et audiovisuel (CNCA)
Décret exécutif n°94-292 du 19 Rabie Ethani 1415 correspondant au 25 septembre 1994 modifiant et complétant le décret exécutif n°93-149 du 22 juin 1993 modifié et complété par le décret exécutif n°93-344 du 28 décembre 1993 portant statut de la bibliothèque nationale,Bibliothèque Nationale
"Arrêté du 12 Joumada Ethania 1426 correspondant au 18 juillet 2005 fixant la liste des activités, travaux et prestations pouvant être effectués par le centre national de la cinématographie et de l'audiovisuel",Cinématographie et audiovisuel (CNCA)
Arrêté interministériel du 11 Rajab 1426 correspondant au 16 août 2005 fixant l\x92organisation interne du centre national de la cinématographie et de l\x92audiovisuel,Cinématographie et audiovisuel (CNCA)
Arrêté interministériel du 25 juillet 1987 portant organisation interne du palais de la Culture,Palais de la culture
Décret exécutif n° 06-239 du 8 Joumada Ethania 1427 correspondant au 4 juillet 2006 fixant les modalités de fonctionnement du compte d'affectation spéciale n° 302-123 intitulé Fonds national du patrimoine culturel,Fond patrimoine
Décret n° 86-139 du 10 juin 1986 portant création du Palais de la culture,Palais de la culture
Décret n° 87-139 du 9 juin  1987  complétant le décret n° 86-139 du 10 juin  1986 portant création du Palais de la  Culture,Palais de la culture
Décret présidentiel du 26 Chaâbane 1423 correspondant au 2 novembre 2002 portant nomination du directeur du palais de la culture ,Palais de la culture
Décret n°83-497 du 13 août 1983 portant création de l'Office de Riadh el Feth,Office Riadh El Feth
مرسوم رقم 86 - 134 مؤرخ في 18 رمضان عام 1406 الموافق 27 مايو سنة 1986 يجعل متحـف سيرتا متحفا وطنيا,Musée
مرسوم رقم 85 ـ 279 مؤرخ فى 29 صفر عام 1406 الموافق 12 نوفمبر سنة 1985 يتضمـن احداث متحف وطنى للآثار القديمة,Musée
قرار وزاري مشترك مؤرخ في 29 ذى القعدة عام 1407 الموافق 25 يوليو سنة 1987 يتضمن التنظيم الداخلي للمتحف الوطني  سيرتا ,Musée
Décret n°85-305 du 14 décembre 1985 réorganisant l'office de Riadh El Feth,Office Riadh El Feth
Décret exécutif n° 05-218 du 6 Joumada El Oula 1426 correspondant au 13 juin 2005 portant création du théâtre régional de Tizi Ouzou,Théâtre
Décret n° 84-299 du 13 octobre 1984  relatif à l'Office de Riadh El Feth,Espaces culturels
Décret n° 84-299 du 13 octobre 1984  relatif à l'Office de Riadh El Feth,Office Riadh El Feth
قرار وزاري مشترك مؤرخ في 23 شوال عام 1422 الموافق 7 يناير سنة 2002، يتضمن التنظيم الداخلي لدور الثقافة,Maisons de culture 
Décret exécutif n° 04-236 du 7 Rajab 1425 correspondant au 23 août 2004 portant réorganisation du centre de diffusion cinématographique et changement de sa dénomination,Cinématographie et audiovisuel (CNCA)
Décret exécutif n° 93-344 du 14 Rajab  1414 correspondant au 28 décembre 1993  modifiant et complétant le décret  exécutif n° 93-149 du 22 juin 1993  portant statuts de la bibliothèque  nationale,Bibliothèque Nationale
Arrêté interministériel du 25 juillet 1987 portant organisation interne du Centre algérien de la cinématographie,Centre algérien de la cinématographie
Ordonnance n° 67-50 du 17 mars 1967  portant création du Centre algérien de la  cinématographie,Centre algérien de la cinématographie
Arrêté interministériel du 16 Rabie Ethani 1426 correspondant au 25 mai 2005 portant création d'une annexe de la bibliothèque nationale d'Algérie à Tlemcen,Annexes Bibliothèque Nationale
Arrêté interministériel du 16 Rabie Ethani 1426 correspondant au 25 mai 2005 portant création d'une annexe de la bibliothèque nationale d'Algérie à Frenda (wilaya de Tiaret),Annexes Bibliothèque Nationale
Arrêté interministériel du 16 Rabie Ethani 1426 correspondant au 25 mai 2005 portant création d'une annexe de la bibliothèque nationale d'Algérie à Tizi-Ouzou,Annexes Bibliothèque Nationale
Arrêté interministériel du 16 Rabie Ethani 1426 correspondant au 25 mai 2005 portant création d'une annexe de la bibliothèque nationale d'Algérie à Annaba,Annexes Bibliothèque Nationale
Arrêté interministériel du 16 Rabie Ethani 1426 correspondant au 25 mai 2005 portant création d'une annexe de la bibliothèque nationale d'Algérie à Constantine,Annexes Bibliothèque Nationale
Ordonnance n° 68-611 du 15 novembre  1968 portant réorganisation du centre  algérien de la cinématographie,Centre algérien de la cinématographie
Arrêté interministériel du 16 Rnbie Ethani 1426 correspondant au 25 mai 2005 portant création d'une annexe de la bibliothèque nationale d'Algérie à Adrar,Annexes Bibliothèque Nationale 
Arrêté interministériel du 16 Rabie Ethani 1426 correspondant au 25 mai 2005 portant création d'une annexe de la bibliothèque nationale d'Algérie à Béjaia,Annexes Bibliothèque Nationale 
Décret n° 68-623 du 15 novembre 1968 portant création d'un centre de diffusion cinématographique,Centre de Diffusion Cinématographique
Décret n° 69-95 du 8 juillet 1969 modifiant le décret n° 68-623 du 15 novembre 1968 portant création d'un centre de diffusion cinématographique,Centre de Diffusion Cinématographique
Décret n° 88-08 du 26 janvier 1988  portant création du Centre de diffusion  cinématographique,Centre de Diffusion Cinématographique
Arrêté du 24 Chaoual 1424 correspondant au 18 décembre 2003 portant désignation des membres du conseil d\x92orientation de l\x92école supérieure des beaux-arts,Beaux arts
Décret exécutif n° 93-214 du 11 Rabie  Ethani 1414 correspondant au 27  septembre 1993 portant statut  particulier des travailleurs appartenant  aux corps spécifiques de la formation  supérieure artistique.,Beaux arts
Arrêté interministériel du 17 février 1993 portant création d'une commission sectorielle de tutelle pédagogique sur les établissements de formation supérieure relevant du ministère de la culture et de la communication.,Beaux arts
Décret n° 85-243 du 1er octobre 1985  portant statut-type des instituts  nationaux de formation supérieure,Musique
Décret n° 69-189 du 6 décembre 1969 portant statut particulier des décorateurs.,Beaux arts
Arrêté interministériel du 12 septembre 1973 portant annexion de l'école communale des beaux-arts de Constantine à l'école nationale des beaux-arts d'Alger.,Beaux arts
Arrêté interministériel du 31 décembre 1975 portant rattachement de l'école communale des beaux-arts d'Oran à l'école nationale des beaux-arts d'Alger.,Beaux arts
Ordonnance n° 68-429 du 9 juillet 1968  portant création de l'institut national  de musique,Musique
Décret n°76-45 du 20 février 1976 portant organisation du régime des études de l'école nationale des beaux-arts.,Beaux arts
Décret exécutif n°98-243 du 8 Rabie Ethani 1419 correspondant au 1er août 1998 portant création des écoles régionales des beaux arts (E.R.B.A),Beaux arts
Décret n°85-257 du 22 octobre 1985 érigeant l'école nationale des beaux-arts en école supérieure des beaux-arts.,Beaux arts
Décret exécutif n° 92-128 du 28 mars 1992 portant création du diplôme d'études supérieures artistiques de l'école supérieure des beaux arts.,Beaux arts
Arrêté du 17 mai 1967 modifiant l'arrêté du 18 février 1956 portant organisation du certificat d'aptitude à une formation artistique supérieure.,Beaux arts
Arrêté du 17 mai 1967 modifiant l'arrêté du 27 août 1956 portant organisation du diplôme national des beaux-arts.,Beaux arts
"Décret n° 68-110 du 8 mai 1968 érigeant  en école nationale d'architecture et des  beaux-arts, l'école nationale des  beaux-arts d'Alger et créant un diplôme  d'Etat d'architecte.",Beaux arts
Ordonnance n° 75-29 du 29 avril 1975  portant organisation de l'école nationale  des beaux-arts.,Beaux arts
Décret n° 85-243 du 1er octobre 1985  portant statut-type des instituts  nationaux de formation supérieure.,Beaux arts
"Arrêté interministériel du 25 Rajab 1424 correspondant au 22 septembre 2003 portant création, à Tlemcen, d'une annexe de l'institut régional de formation musicale d'Oran",Musique
"Arrêté interministériel du 25 Rajab 1424 correspondant au 22 septembre 2003 portant création, à Relizane, d'une annexe de l'institut régional de formation musicale d'Oran",Musique
Décret exécutif n°98-242 du 8 Rabie Ethani 1419 correspondant au 1er août 1998 portant statut des écoles régionales des beaux arts (E.R.B.A),Beaux arts
Arrêté interministériel du 12 septembre 1973 portant annexion de l'école communale des beaux-arts de Constantine à l'école nationale des beaux-arts d'Alger.,Beaux arts
"Arrêté interministériel du 25 Rajab 1424 correspondant au 22 septembre 2003 portant création, à Béchar, d'une annexe de l'institut régional de formation musicale d'Oran",Musique
Décret exécutif n° 93-215 du 11 Rabie  Ethani 1414 correspondant au 27  septembre 1993 instituant le régime  indemnitaire des enseignants de la  formation supérieure artistique.,Beaux arts
"Arrêté interministériel du 14 décembre 1992 fixant le régime des études, le contenu des programmes et les modalités de délivrance du diplôme de l'Institut national supérieur de musique",Musique
Arrêté du 13 Chaâbane 1426 correspondant au 17 septembre 2005 portant remplacement d'un membre du Conseil d'orientation de l'Institut national supérieur de musique,Musique
Arrêté du 14 Dhou El Kaada 1424 correspondant au 7 janvier 2004 portant désignation des membres du conseil d\x92orientation de l\x92institut national supérieur de musique,Musique
"Arrêté interministériel du 25 Rajab 1424 correspondant au 22 septembre 2003 portant création, à Annaba, d'une annexe de l'institut régional de formation musicale de Batna",Musique
"Arrêté interministériel du 25 Rajab 1424 correspondant au 22 septembre 2003 portant création, à Constantine, d'une annexe de l'institut régional de formation musicale de Batna",Musique
"Arrêté interministériel du 25 Rajab 1424 correspondant au 22 septembre 2003 portant création, à Béjaïa, d'une annexe de l'institut régional de formation musicale de Bouira",Musique
Ordonnance n° 70-38 du 12 juin 1970  portant réorganisation du théâtre  national Algérien,Théâtre
مرسوم رقم 86 - 135 مؤرخ في 18 رمضان عام 1406 الموافق 27 مايو سنة 1986 يجعل متحـف زبانـة متحفـا وطنيـا,Musée 
"قرار وزاري مشترك مؤرخ في 29 ذو القعدة عام 1407 الموافق 25 يوليو سنة 1987 يتضمن التنظيم الداخلي لمتحف "" زبانة "" الوطني ",Musée 
"Arrêté interministériel du 25 Rajab 1424 correspondant au 22 septembre 2003 portant création, à Tipaza, d'une annexe de l'institut régional de formation musicale d'Alger",Musique
Décret exécutif n°98-244 du 8 Rabie Ethani 1419 correspondant au 1er août 1998 créant les diplômes et déterminant les modalités de leur délivrance par les écoles régionales des beaux arts,Beaux arts
Arrêté interministériel du 27 Chaâbane 1420 correspondant au 5 décembre 1999 fixant l'organisation pédagogique des écoles régionales des beaux-arts,Beaux arts
Décret exécutif n° 93-215 du 11 Rabie  Ethani 1414 correspondant au 27  septembre 1993 instituant le régime  indemnitaire des enseignants de la  formation supérieure artistique,Musique
Décret exécutif n° 92-186 du 12 mai 1992 portant création du diplôme d'études supérieures musicales de l'institut national supérieur de musique (D.E.S.M.),Musique
Décret exécutif n° 92-185 du 12 mai 1992 érigeant l'institut national de musique en institut national de formation supérieure de musique (I.N.S.M),Musique
Arrêté interministériel du 17 février 1993 portant création d'une commission sectorielle de tutelle pédagogique sur les établissements de formation supérieure relevant du ministère de la culture et de la communication,Musique
Arrêté interministériel du 14 décembre 1992 portant organisation pédagogique de l'institut national supérieur de musique,Musique
Arrêté interministériel du 14 décembre 1992 portant modalités de fonctionnement du conseil pédagogique à l'institut national supérieur de musique,Musique
Décret exécutif n° 93-214 du 11 Rabie  Ethani 1414 correspondant au 27  septembre 1993 portant statut  particulier des travailleurs appartenant  aux corps spécifiques de la formation  supérieure artistique,Musique
"Arrêté interministériel du 27 Chaâbane 1420 correspondant au 5 décembre 1999 fixant les conditions d'accès, le régime des études et le contenu des programmes des écoles régionales des beaux-arts",Beaux arts
Arrêté interministériel du 4 Rabie El Aouel 1427 correspondant au 3 avril 2006 complétant l'arrêté interministériel du 26 Chaâbane 1421 correspondant au 22 novembre 2000 portant organisation administrative des écoles régionales des beaux-arts,Beaux arts
"Arrêté interministériel du 25 Rajab 1424 correspondant au 22 septembre 2003 portant création, à Sétif, d'une annexe de l'école régionale des beaux-arts de Batna",Beaux arts
"Arrêté interministériel du 25 Rajab 1424 correspondant au 22 septembre 2003 portant création, à Annaba, d'une annexe de l'école régionale des beaux-arts de Constantine",Beaux arts
"Arrêté interministériel du 25 Rajab 1424 correspondant au 22 septembre 2003 portant création, à Tlemcen, d'une annexe de l'école régionale des beaux-arts d'Oran",Beaux arts
"Arrêté interministériel du 25 Rajab 1424 correspondant au 22 septembre 2003 portant création, à Sidi Bel Abbès, d'une annexe de l'école régionale des beaux-arts d'Oran",Beaux arts
أمر رقم 70 - 38 مؤرخ في 8 ربيع الثاني عام1390 المـوافـق 12 يـونيو سنة 1970 يـتضمـن إعادة تنظيم المسرح الوطني الجزائر,Théâtre
Ordonnance n° 70-40 du 12 juin 1970 portant création d'un institut  national d'art dramatique et  chorégraphique,ISMAS
Décret exécutif n° 91-315 du 7  septembre 1991 érigeant l'institut  national d'art dramatique et  chorégraphique en institut de formation  supérieure,ISMAS
Décret exécutif n° 04-98 du 11 Safar 1425 correspondant au 1er avril 2004 portant transformation de l\x92institut national des arts dramatiques en institut supérieur des métiers des arts du spectacle et de l\x92audiovisuel,ISMAS
Décret exécutif n° 92-190 du 12  mai 1992 portant création du diplôme  d'études supérieures des arts dramatiques  de l'institut national des arts  dramatiques (D.E.S.A.D),ISMAS
Arrêté interministériel du 14 décembre 1992 portant organisation pédagogique de l'institut national des arts dramatiques,ISMAS
Ordonnance n° 70-39 du 12 juin 1970  portant statut général des  théâtres  régionaux,Théâtre
Arrêté interministériel du 17 février 1993 portant création d'une commission sectorielle de tutelle pédagogique sur les établissements de formation supérieure relevant du ministère de la culture et de la communication,ISMAS
Arrêté interministériel du 11 Moharram 1418 correspondant au 18 mai 1997 portant organisation interne de l'institut national des arts dramatiques,ISMAS
"Arrêté interministériel du 14 décembre 1992 fixant le régime des études, le contenu des programmes et les modalités de délivrance du diplôme de l'institut national des arts dramatiques",ISMAS
Décret exécutif n° 93-214 du 11 Rabie  Ethani 1414 correspondant au 27  septembre 1993 portant statut  particulier des travailleurs appartenant  aux corps spécifiques de la formation  supérieure artistique,ISMAS
Décret exécutif n° 93-215 du 11 Rabie  Ethani 1414 correspondant au 27  septembre 1993 instituant le régime  indemnitaire des enseignants de la  formation supérieure artistique,ISMAS
Arrêté interministériel du 26  Ramadhan 1415 correspondant au 26  février 1995 portant organisation  interne du centre des arts et de la  culture du palais des Raïs.,Centre
Décret exécutif n° 93-282 du 9 Joumada Etahia 1414 correspondant au 23 novembre 1993 portant création du centre des arts et de la culture du palais des Raïs,Centre
Décret exécutif n° 06-10 du 15 Dhou El Hidja 1426 correspondant au 15 janvier 2006 portant création du centre national des manuscrits,Centre
Décret exécutif n° 05-491 du 20 Dhou El Kaada 1426 correspondant au 22 décembre 2005 portant création d'un centre national de recherche en archéologie,Centre
Arrêté du 5 Chaoual 1415 correspondant  au 7 mars 1995 portant ouverture  d'instance en vue du classement des  monuments et sites historiques.,Centre
Arrêté du 7 Joumada El Oula 1419 correspondant au 29 août 1998 portant ouverture d'instance en vue du classement des monuments et sites historiques,Centre
Arrêté du 9 mars 1993 portant ouverture d'instance en vue du classement des monuments et sites historiques,Centre
Arrêté du 10 Joumada Ethania 1418  correspondant au 12 octobre 1997 portant  ouverture des procédures en vue du  classement des monuments et sites  historiques.,Centre
Arrêté du 13 Chaoual 1418 correspondant au 10 février 1998 portant ouverture d'instance en vue du classement des sites et monuments historiques,Centre
"Arrêté du 14 Ramadhan 1420 correspondant au 22 décembre 1999 fixant la liste nominative des membres du conseil scientifique auprès du centre national de recherches préhistoriques, anthropologiques et historiques (C.N.R.P.A.H)",Centre
Décret n° 87-232 du 3 novembre 1987  portant réglementation du parc national  de l'Ahaggar,Office
Arrêté du 20 Rabie Ethani 1417 correspondant au 4 septembre 1996 portant ouverture d'instance en vue du classement des monuments et sites historiques.,Centre 
"Arrêté du 27 juin 1993 portant classement de "" Dar El Bey "" dénommé "" Dar El Emir Abdelkader "" parmi les monuments historique ",Centre 
Arrêté interministériel du 25 juillet 1987 portant organisation interne du centre national d'études historiques,Centre 
Arrêté interministériel du 25 juillet 1987 portant organisation interne du Musée nationale du Bardo,Musée
Arrêté du 4 Rajab 1426 correspondant au 9 août 2005 portant institutionnalisation du festival culturel international des danses populaires,Festival
Arrêté du 4 Rajab 1426 correspondant au 9 août 2005 portant institutionnalisation du festival culturel national de la chanson « Raï »,Festival
Arrêté du 4 Rajab 1426 correspondant au 9 août 2005 portant institutionnalisation du festival culturel national de la poésie féminine,Festival
Arrêté du 4 Rajab 1426 correspondant au 9 août 2005 portant institutionnalisation du festival culturel national des musiques actuelles,Festival
Arrêté du 7 Joumada Ethania 1426 correspondant au13 juillet 2005 portant institutionnalisation du festival culturel national du théâtre professionnel,Festival
Arrêté du 7 Joumada Ethania 1426 correspondant au 13 juillet 2005 portant institutionnalisation du festival culturel arabo-africain de la danse folklorique,Festival
Arrêté du 7 Joumada Ethania 1426 correspondant au 13 juillet 2005 portant institutionnalisation du festival culturel du cinéma d\x92Alger,Festival
Arrêté du 7 Joumada Ethania 1426 correspondant au 13 juillet 2005 portant institutionnalisation du festival culturel national de la chanson \x93chaâbi\x94,Festival
Arrêté du 7 Joumada Ethania 1426 correspondant au 13 juillet 2005 portant institutionnalisation du festival culturel national de la musique andalouse,Festival
Arrêté du 21 Chaoual 1426 correspondant au 23 novembre 2005 portant institutionnalisation du festival culturel national Aissaoua,Festival
Arrêté du 21 Chaoual 1426 correspondant au 23 novembre 2005 portant institutionnalisation du festival culturel national de la chanson bédouie et de la poésie populaire.,Festival
Arrêté du 21 Chaoual 1426 correspondant au 23 novembre 2005 portant institutionnalisation du festival culturel national de la musique et de la chanson citadine,Festival
Arrêté du 21 Chaoual 1426 correspondant au 23 novembre 2005 portant institutionnalisation du festival culturel national du théâtre de la satire,Festival
Décret exécutif n° 03-297 du 13 Rajab 1424 correspondant au 10 septembre 2003 fixant les conditions et les modalités d\x92organisation des festivals culturels,Festival
Arrêté du 22 Safar 1425 correspondant au 12 avril 2004 portant composition de fonctionnement du conseil artistique de l'orchestre symphonique national,Musique
Décret n° 85-280 du 12 novembre 1985  portant création du musée national du  Bardo,Musée
Décret n° 73-73 du 16 avril 1973 portant création du théâtre régional d'Oran,Théâtre
Décret exécutif n° 93-50 du 6 février 1993 portant création du musée national Nasr-Eddine Dinet,Musée
Arrêté interministériel du 25 juillet 1987 portant organisation interne du Musée national  « Cirta »,Musée
Décret n° 86-134 du 27 mai 1986 érigeant le musée ,Musée
Arrêté interministériel du 17 avril  1993 portant organisation interne du  musée national de Sétif,Musée
Décret exécutif n° 92-282 du 6 juillet 1992 portant création du musée national de Sétif,Musée
Arrêté interministériel du 25 juillet 1987 portant organisation interne du Musée national des antiquités,Musée
Décret n° 85-279 du 12 novembre 1985 portant création du musée national des  antiquités,Musée
Décret n° 87-215 du  29 septembre 1987 portant création d'un musée national des arts et traditions populaires,Musée
Arrêté interministériel du 25 juillet 1987 portant organisation interne du Musée national des Beaux-arts,Musée
Décret présidentiel n° 06-202 du 7 Joumada El Oula 1427 correspondant au 3 juin 2006 portant création d'un chapitre et transfert de crédits au budget de fonctionnement du ministère de la culture,Ministère
Décret n° 85-278 du 12 novembre 1985 portant création du musée national des beaux-arts,Musée
Arrêté interministériel du 25 juillet 1987 portant organisation interne du Musée national ,Musée
Arrêté interministériel du 26 Rabie El Aouel 1427 correspondant au 25 avril 2006 portant organisation de l'administration centrale du ministère de la culture en bureaux,Ministère
"مرسوم تنفيذي رقم 92 ـ 282 مؤرخ في 5 محرم عام 1413 الموافق 6 يوليو سنة 1992, يتضمن احداث المتحف المتحف الوطني لمدينة سطيف",Musée 
Décret n° 86-135 du 27 mai 1986  érigeant le musée ,Musée
Arrêté du 28 juin 1968 ouvrant une instance de classement de la vallée du M'Zab parmi les sites historiques,Office
Décret n° 73-74 du 16 avril 1973  portant création du théâtre régional de  Sidi Bel Abbès,Théâtre
"قرار وزاري مشترك مؤرخ في 29 ذي القعدة عام 1407 الموافق 25 يوليو سنة 1987 يتضمن التنظيم الداخلي لمتحف "" باردو "" الوطنى ",Musée
Décret n° 73-72 du 16 avril 1973  portant création du théâtre régional de  Constantine.,Théâtre
Décret exécutif n°92-419 du 17 novembre 1992 portant création de l'office de protection et de promotion de la vallé du M'Zab,Office
Décret n° 73-71 du 16 avril 1973  portant création du théâtre régionale  d'Annaba.,Théâtre
Décret exécutif n° 05-209 du 26 Rabie Ethani 1426 correspondant au 4 juin 2005 portant création et délimitation du secteur sauvegardé de la vallée del\x92Oued M\x92Zab,Office
Décret exécutif n° 92-420 du 17 novembre 1992 fixant le cadre  d'intervention de l'office de protection  et de promotion de la vallée du M'Zab,Office
Décret exécutif n°98-216 du 29 Safar 1419 correspondant au 24 juin 1998 modifiant le décret n°83-458 du 23 juillet 1983 fixant le statut-type des parcs nationaux,Office
Décret n° 87-231 du 3 novembre 1987  portant création de l'Office du parc  national de l'Ahaggar,Office
Décret n° 63-12 du 8 janvier 1963  portant organisation du théâtre algérien.,Théâtre
Décret n° 85-172 du 18 juin 1985  érigeant le théâtre de Béjaïa en théâtre  régional,Théâtre
Décret n° 85-281 du 12 novembre  1985 érigeant le théâtre de Batna en  théâtre régional,Théâtre
مرسوم رقم 85 ـ 280 مؤرخ فى 29 صفر عام 1406 الموافق 12 نوفمبر سنـة 1985 يتضمـن إحداث متحف باردو الوطنى,Musée 
Arrêté interministériel du 25 juillet 1987 portant organisation interne de l'office du parc national du tassili,Office
Décret n° 72-168 du 27 juillet 1972 portant création du parc national du Tassili et de l'établissement public chargé de sa gestion,Office
Décret n° 83-458 23 juillet 1983  fixant le statut-type des parcs  nationaux,Office
Arrêté du 12 Chaâbane 1427 correspondant au 5 septembre 2006 portant nomination des membres du conseil d'orientation du centre des arts et de la culture du Palais des Raïs,Centre
Arrêté du 8 Rabie Ethani 1427 correspondant au 6 mai 2006 portant institutionnalisation du festival culturel national de la musique hawzi,Festival
Arrêté du 10 Joumada El Oula 1427 correspondant au 6 juin 2006 portant institutionnalisation du festival culturel international de la musique Gnaoui,Festival
Arrêté du Aouel Safar 1427 correspondant au 1er mars 2006 portant institutionnalisation du festival culturel internationnal de Djemila,Festival
Arrêté du Aouel Safar 1427 correspondant au 1er mars 2006 portant institutionnalisation du festival culturel internationnal du Malouf,Festival
Arrêté interministériel du 8 Moharram 1427 correspondant au 7 février 2006 fixant les modalités établissements de l'inventaire des biens culturels mobiliers protégés se trouvant au niveau des représentations diplomatiques et consulaires algériennes à l'étranger,Loi
"Décret exécutif n° 06-155 du 13 Rabie Ethani 1427 correspondant au 11 mai 2006 fixant les conditions et modalités d'exercice du commerce des biens culturels mobiliers non protégés, identifiés ou non identifiés",Loi
Décret exécutif n° 06-239 du 8 Joumada Ethania 1427 correspondant au 4 juillet 2006 fixant les modalités de fonctionnement du compte d'affectation spéciale n° 302-123 intitulé Fonds national du patrimoine culturel,Loi
Décret exécutif n°92-290 du 7 juillet  1992 portant création du ballet national,Ballet national
Arrêté du 30 Joumada Ethania 1427 correspondant au 26 juillet 2006 fixant l'organisation interne du ballet national,Ballet national
Arrêté du 28 Joumada Ethania 1427 correspondant au 24 juillet 2006 portant institutionnalisation du festival culturel national des marion,Fastival
Ordonnance n° 71-56 du 5 août 1971 portant institution d'un centre national  d'études historiques,Centre
Ordonnance n° 73-14 du 3 avril 1973 relative au droit d'auteur,Droits d auteur et voisins ONDA
Décret n° 76 - 30 du 16 février 1976  relatif à l'organisation et au  fonctionnement du centre national  d'études historiques,Centre
Décret n° 83-88 du 15 janvier 1983  modifiant l'ordonnance n° 71-56 du 5 août  1971 portant institution d'un centre  national d'études historiques,Centre
Décret n° 83-90 du 15 janvier 1983  abrogeant le décret n° 74-76 du 25 avril  1974 portant création d'un conseil  consultatif du centre national d'études  historiques,Centre
Arrêté du 2 mars 1992 portant ouverture d'instance en vue du classement des monuments et sites historiques,Centre
مرسوم رقم 85 ـ 278 مؤرخ فى 29 صفر عام 1406 الموافق 12 نوفمبر سنة 1985 يتضمن إحداث متحف وطنى للفنون الجميلة,Musée
قرار وزاري مشترك مؤرخ في 29 ذي القعدة عام 1407 الموافق 25 يوليو سنة 1987 يتضمن التنظيم الداخلي للمتحف الوطني للفنون الجملية,Musée
مرسوم رقم 87 - 215 مؤرخ فى 6 صفر عام 1987 الموافق 29 سبتمبر سنة 1987 يتضمن انشاء متحف وطنى للفنون و التقاليد الشعبية,Musée
مرسوم تنفيذى رقم 93 ـ 50 مؤرخ فى 14 شعبان عام 1413 الموافق 6 فبراير سنة 1993 يتضمن إحداث متحف وطنى  نصرالدين ديني ,Musée
قرار وزاري مشترك مؤرخ في 29 ذي القعدة عام 1407 الموافق 25 يوليو سنة 1987 يتضمن التنظيم الداخلي للمتحف الوطني للآثار القديمة ,Musée
قانون رقم 98 - 04  مؤرخ فى 20 صفر عام 1419 الموافق 15 يونيو سنة 1998، يتعلق بحماية التراث الثقافي,Loi
مرسوم رقم 85 ـ 277 مؤرخ فى 29 صفر عام 1406 الموافق 12 نوفمبر سنة 1985 يحدد القانون الأساسي النموذجي للمتاحف الوطنية,Loi
مرسوم رقم 88-07 مؤرخ فى7 جمادى الثانية عام 1408 الموافق 26 يناير سنة 1988 يتمم المرسوم رقم 85-277 المؤرخ فى 12 نوفمبر سنة 1985 الذي يحدد القانون الاساسى النموذجي للمتاحف الوطنية,Loi
مرسوم تنفيذي رقم 03-311 مؤرخ فى 17 رجب عام 1424 الموافق 14 سبتمبر سنة 2003,Loi
مرسوم تنفيذي رقم 03 - 322 مؤرخ في 9 شعبان عام 1424 الموافق 5 أكتوبر سنة 2003، يتضمن ممارسة الاعمال الفنية المتعلقة بالممتلكات الثقافية العقارية المحمية,Loi
مرسوم تنفيذي رقم 03 - 323 مؤرخ في 9 شعبان عام 1424 الموافق 5 أكتوبر سنة 2003، يتضمن كيفيات إعداد مخطط حماية المواقع الأثرية والمناطق المحمية التابعة لها واستصلاحها,Loi
أمر رقم 70 - 39 مؤرخ في 8 ربيع الثاني عام 1390 المـوافـق 12 يـونيـو سنـة 1970 يتضمن القانون الأساسي العام للمسارح الجهوية.,Théâtre
مرسوم رقم 73 -71 مؤرخ في 13 ربيع الأول عام 1393 الموافق 16 ابريل سنة 1973 يتضمن إحداث مسرح جهوى بعنابة,Théâtre
مرسوم رقم 73 - 72 مؤرخ في 13 ربيع الأول عام 1393 الموافق 16 ابريل سنة 1973 يتضمن إحداث مسرح جهوى بقسنطينة,Théâtre
مرسوم رقم 73 - 73 مؤرخ في 13 ربيع الأول عام 1393 الموافق 16 ابريل سنة 1973 يتضمن إحداث مسرح جهوي بوهران,Théâtre
مرسوم رقم 73 - 74 مؤرخ في 13 ربيع الأول عام 1393 الموافق 16 ابريل سنة 1973 يتضمن احداث مسرح جهوى بسيدى بلعباس,Théâtre
مرسـوم رقـم 85 - 172 مؤرخ في 29 رمضان عام 1405 الموافق 18 يونيو سنة 1985 يحول مسـرح بجـايـة إلى مسرح جهوى,Théâtre
مرسوم رقم 85 ـ 281 مؤرخ فى 29 صفر عام 1406 الموافق 12 نوفمبر سنة 1985 يحول مسرح باتنة الى مسرح جهوى,Théâtre
مرسوم تنفيذي رقم 05 - 218 مؤرخ في 6 جمادي الأولي عام 1426 الموافق 13 يونيو سنة 2005، يتضمن إحداث مسرح جهوي بتيزي وزو,Théâtre
مرسوم تنفيذي رقم 03 - 297 مؤرخ في 13 رجب عام 1424 الموافق 10 سبتمبر سنة 2003، يحدد شروط تنظيم المهرجانات الثقافية وكيفياته,Festival
قرار مؤرخ في 7 جمادي الثانية عام 1426 الموافق 13 يوليو سنة 2005، يتضمن تأسيس مهرجان ثقافي وطني لأغنية  الشعبي,Festival
قرار مؤرخ في 7 جمادي الثانية عام 1426 الموافق 13 يوليو سنة 2005، يتضمن تأسيس مهرجان ثقافي وطني للمسرح المحترف,Festival
قرار مؤرخ في 7 جمادي الثانية عام 1426 الموافق 13 يوليو سنة 2005، يتضمن تأسيس مهرجان ثقافي وطني للموسيقي الأندلسية,Festival
قرار مؤرخ في 7 جمادي الثانية عام 1426 الموافق 13 يوليو سنة 2005، يتضمن تأسيس مهرجان ثقافي عربي - إفريقي للرقص الفلكلوري,Festival
قرار مؤرخ في 7 جمادي الثانية عام 1426 الموافق 13 يوليو سنة 2005، يتضمن تأسيس مهرجان ثقافي الجزائر للسينما,Festival
قرار مؤرخ في 4 رجب عام 1426 الموافق 9 غشت سنة 2005، يتضمن تأسيس مهرجان ثقافي وطني للموسيقي الحالية,Festival
قرار مؤرخ في 4 رجب عام 1426 الموافق 9 غشت سنة 2005، يتضمن تأسيس مهرجان ثقافي دولي للرقص الشعبي,Festival
قرار مؤرخ في 4 رجب عام 1426 الموافق 9 غشت سنة 2005، يتضمن تأسيس مهرجان ثقافي وطني للشعر النسوي,Festival
قرار مؤرخ في 4 رجب عام 1426 الموافق 9 غشت سنة 2005، يتضمن تأسيس مهرجان ثقافي وطني لأغنية الراي,Festival
"مرسوم تنفيذي رقم 92 - 290 مؤرخ في 6 محرم عام 1413 الموافق 7 يوليو سنة 1992, يتضمن إنشاء البالية الوطني",Ballet national
قرار مؤرخ في 12 جمادي الثانية عام 1426 الموافق 18 يوليو سنة 2005، يحدد التشكيلة الاسمية لأعضاء مجلس إدارة الباليه الوطني,Ballet national
قرار مؤرخ في 4 جمادي الأولي عام 1426 الموافق 11 يونيو سنة 2005، يتضمن تشكيلة المجلس الفني للباليه الوطني وعمله,Ballet national
قرار مؤرخ في 13 جمادى الثانية عام 1424 الموافق 12 غشت سنة 2003، يتضمن تفويض سلطة التعيين و التسيير الإداري إلى مديري الثقافة في الولايات,Direction culturelle
Arrêté interministériel du 16 Rabie Ethani 1426 correspondant au 25 mai 2005 portant création d'une annexe de la bibliothèque nationale d'Algérie à Béjaia,Annexes Bibliothèque Nationale
"Arrêté interministériel du 6 Joumada Ethania 1427 correspondant au 2 juillet 2006 fixant la nomenclature des recettes et des dépenses du compte d'affectation spéciale n° 302-014 intitulé « Fonds de développement de l'art, de la technique et de l'industrie cinématographiques »",Fonds de développement de l'art de la technique et de l'industrie cinématographiques 
Décret exécutif n° 05-79 du 17 Moharram 1426 correspondant au 26 février 2005 fixant les attributions du ministre de la culture,Ministère
Décret exécutif n° 92-187 du 12 mai 1992 portant statut des instituts régionaux de formation musicale (I.R.F.M.),Musique 
Décret exécutif n°98-366 du 2 Chaâbane 1419 correspondant au 21 novembre 1998 portant statuts de l'Office national des droits d'auteur et des droits voisins (O.N.D.A),Droits d auteur et voisins ONDA
Décret exécutif n° 93-149 du 22 juin 1993 portant statuts de la bibliothèque nationale,Bibliothèque Nationale
Ordonnance n° 96-16 du 16 Safar 1417 correspondant au 2 juillet 1996 relative  au dépôt légal,Bibliothèque Nationale
Arrêté interministériel du 16 Moharram 1419 correspondant au 13 mai 1998 portant classement des postes supérieurs de la bibliothèque nationale d'Algérie,Bibliothèque Nationale
"Décret exécutif n° 05-489 du 20 Dhou El Kaada 1426 correspondant au 22 décembre 2005 complétant le décret exécutif n° 93-149 du 22 juin 1993, modifié et complété, portant statut de la bibliothèque nationale",Bibliothèque Nationale
مرسوم تنفيذي رقم 03 - 324 مؤرخ في 9 شعبان عام 1424 الموافق 5 أكتوبر سنة 2003، يتضمن كيفيات إعداد المخطط الدائم لحفظ واستصلاح القطاعات المحفوظة,Loi
مرسوم تنفيذي رقم 03 - 325 مؤرخ في 9 شعبان عام 1424 الموافق 5 أكتوبر سنة 2003، يحدد كيفيات تخزين الممتلكات الثقافية غير المادية في البنك الوطني للمعطيات,Loi
"قرار وزارى مشترك مؤرخ في 21 ذى الحجة عام  1422 الموافق 5 مارس سنة 2002, يتضمن إنشاء  اللجنة المكلفة باقتناء الممتلكات الثقافية",Loi
قرار مؤرخ في 14 جمادي الثانية عام 1424 الموافق 13 غشت سنة 2003، يتضمن تعيين اعضاء اللجنة الوطنية للممتلكات الثقافية ,Loi
مرسوم رقم 83 ـ 88 مؤرخ في أول ربيع الثاني عام 1403 الموافق 15 يناير سنة 1983 يتضمن چ تعديل الأمر رقم 71 ـ 56 المؤرخ في 14 جمادى الثانية عام 1391 الموافق 5 غشت سنة 1971 و المتضمن إنشاء مركز وطني للدراسات التاريخية,Centre
مرسوم تنفيذي رقم 93 - 282 مؤرخ في 9 جمادى الثانيـة عـام 1414 الموافق 23 نوفمبر سنـة 1993، يتضمن إنشاء مركز الفنون و الثقـافـة في قصـر رؤسـاء البحـر,Centre
"قرار وزاري مشترك مؤرخ في 26 رمضان عام 1415 الموافق 26 فـبراير سنة 1995, يتضمن التنظيم الداخلي في مركز الفنون و الثقـافة بقصر رؤساء البحر",Centre
مرسوم رقم 83 ـ 90 مؤرخ في أول ربيع الثاني عام 1403 الموافق 15 يناير سنة 1983 يتضمن چ إلغاء المرسوم رقم 74 ـ 76 المؤرخ في 3 ربيع الثاني عام 1394 الموافق 25 ابريل سنة 1974 و المتضمن تأسيس مجلس استشاري للمركز الوطني للدراسات التاريخية,Centre
قرار وزاري مشترك في29 ذي القعدة عام 1407 الموافق 25 يوليو سنة 1987 يتضمن التنظيم الداخلي للمركز الوطني للدراسات التاريخية ,Centre
مرسـوم رقـم 76 - 30 مؤرخ في 16 صفر عام 1396 المـوافـق 16 فبراير سنـة 1976 يتعلق بتنظيم المركز الوطني للدراسات التاريخية,Centre
قرار مؤرخ في 14 رمضان عام 1420 الموافق 22 ديسمبر سنة 1999، يحدد القائمة الاسمية لأعضاء المجلس العلمي بالمركز الوطني للبحوث في عصور ما قبل التاريخ و في علم الانسان و التاريخ,Centre
"مرسوم تنفيذي رقم 93 ـ 141 مؤرخ في 24 ذي الحجة عام 1413 الموافق 14 يونيو سنة 1993, يتضمن تحويل المركز الوطني للدراسات التاريخية إلى مركز وطني للبحوث في عصور ما قبل التاريخ و في علم الإنسان و التاريخ",Centre
قــرار مـــؤرخ فـي 15 رمضان عام 1413 المـوافـق 9 مارس سنة 1993، يتضمن إحداث هيئة لتصنيف الآثار و الأماكن التاريخية,Centre
قرار مؤرخ فى 27 شعبان عام 1412 الموافق 2 مارس سنة 1992، يتضمن إحداث  هيئة  لتصنيف الآثار والمواقع التاريخية,Centre
"قرار مؤرخ في 7 محرم عام 1414 الموافـق27 يونيـو سنة 1993, يتضمن تصنيف "" معقـل بلول "" ضمن الآثار و الاماكن التاريخية",Centre
قرار مؤرخ في 5 شوال عام 1415 الموافق 7 مارس سنة 1995، يتضمن تكوين هيئة إجرائية لتصنيف الآثار و الأماكن التاريخية,Centre
"قرار مؤرخ في 20 ربيع الثاني عام 1417 الموافق 4 سبتمبر سنة 1996, يتضمن إحداث هيئة لتصنيف الآثار والأماكن التاريخية",Centre
قرار مؤرخ في، 10 جـمادى الثانية عـام 1418 الموافق 12 أكتوبر سـنة  1997 يتضمن تصنيف الآثار والمعالم التاريخية,Centre
"قرار مؤرخ في 7 جمادى الأولى عام 1419 الموافق 29 غشت سنة 1998, يتضمن فتح إجراءات لتصنيف الآثار والمعالم التاريخية",Centre
قرار مؤرخ في 24 رجب عام 1420 الموافق 3 نوفمبر سنة 1999، يتضمن تصنيف الآثار والمعالم التاريخية,Centre
قـرار مـؤرخ فى 2 ربيع الثانى عـام 1388 الموافـق 28 يونيـو سنـة 1968 يتضمن فتح الاجـراءات الخاصة بتصنيف وادى مزاب بين الاماكن التاريخية,Office 
"قرار مؤرخ في 13 شـوال عام 1418 الموافق 10 فبــراير سـنة 1998, يتضمن فتح إجراءات  تصنيف الأماكن والآثار التاريخية",Centre
مرسوم تنفيذي رقم 03-462 مؤرخ في 7 شوال عام 1424 الموافق أول ديسمبر سنة 2003، يعدل ويتمم المرسوم التنفيذي رقم 93-141 المؤرخ في 24 ذي الحجة عام 1413 الموافق 14 يونيو سنة 1993 والمتضمن تحويل المركز الوطني للدراسات التاريخية إلى مركز وطني للبحوث في عصور ما قبل التاريخ وفى علم الإنسان  والتاريخ,Centre
مرسوم تنفيذي رقم 05 - 80 مؤرخ في 17 محرم عام 1426 الموافق 26 فبراير سنة 2005، يتضمن تنظيم الإدارة المركزية في وزارة الثقافة,Ministère
مرسوم تنفيذي رقم 05 - 81 مؤرخ في 17 محرم عام 1426 الموافق 26 فبراير سنة 2005، يتضمن تنظيم المفتشية العامة في وزارة الثقافة وعملها,Ministère
مرسوم تنفيذي رقم 03-346 مؤرخ في 19 شعبان عام 1424 الموافق 15 أكتوبر سنة 2003، يعدل المرسوم التنفيذي رقم 94-64 المؤرخ في 7 شوال عام  1414 الموافق 19 مارس سنة 1994، الذي يؤسس نظاما تعويضيا لفائدة العمال الخاضعين لأحكام المرسوم التنفيذي رقم 91-340 المؤرخ فى 28 سبتمبر سنة 1991 والمتضمن القانون الأساسي الخاص بعمال الثقافة,Ministère
مرسوم تنفيذي رقم 92 - 291 مؤرخ في 6 محرم عام 1413 الموافق 7 يوليو سنة 1992 يتضمن إنشاء الاركسترا السنفونية الوطنية,Orchestre symphonique 
قرار مؤرخ في 24 محرم عام 1418 الموافق 31 مايو سنة 1997، يحدد تشكيلة المجلس الفني للأركسترا السنفونية الوطنية وسيره,Orchestre symphonique 
قرار مؤرخ في 28 رمضان عام 1418 الموافق  26 يـناير سـنة 1998، يحدد تشكيلة مـجلس إدارة الأركسترا السمفونية الوطنية,Orchestre symphonique 
أمـر رقم 68 - 611 مؤرخ فى 24 شعبان عام 1388 الموافـق 15 نوفمبر سنـة 1968 يتعلـق بتنظيـم المـركـز الجـزائـرى للسينمـا,Centre algérien de la cinématographie 
أمـر رقـم 67-50 مؤرخ في 6 ذي الحجة عام 1386 الموافق 17 مارس سنة 1967 يتضمن أحداث المركز الجزائري للسينما,Centre algérien de la cinématographie 
مرسوم رقم 68 ـ 623 مؤرخ في 24 شعبان عام 1388 المـوافق 15 نوفمبر سنة 1968 يتضمـن إحـداث مـركـز للتـوزيـع السينمـائـي,Centre de Diffusion Cinématographique 
مرسوم رقم 88-08 مؤرخ فى7 جمادى الثانية عام 1408 الموافق 26 يناير سنة 1988  يتضمن إنشاء مركز العرض السينمائي,Centre de Diffusion Cinématographique 
قرار وزاري مشترك مؤرخ في 29 ذي القعدة عام 1407 الموافق 25 يوليو سنة 1987 يتضمن التنظيم الداخلي للمركز الجزائري للسينما ,Centre algérien de la cinématographie 
مرسوم رقم 69 ـ 95 مؤرخ في 23 ربيع الثاني عام 1389 الموافق 8 يوليو سنة 1969   يتضمن تعديل المرسوم رقم 68 ـ 623 المؤرخ في 24 شعبان عام 1388 الموافق  15 نوفمبر سنة 1968 و المتضمن أحداث مركز للتوزيع السينمائي,Centre de Diffusion Cinématographique 
مرسوم تنفيذي رقم 92 ـ 420 مؤرخ فى 22 جمادى الأولى عام 1413 الموافق 17 نوفمبر سنة 1992 يحدد إطار تدخل ديوان حماية وادي ميزاب و ترقيته,Office
Décret exécutif n° 07-57 du 12 Moharram 1428 correspondant au 31 janvier 2007 modifiant et complétant le décret exécutif n° 98-241 du 8 Rabie Ethani 1419 correspondant au 1er août 1998 portant transformation des centres de culture et d'information en office national de la culture et de l'information,ONCI 
مرسوم تنفيذي رقم 92 ـ 419 مؤرخ في 22 جمادى الأولى عام 1413 الموافق 17 نوفمبر سنة 1992، يتضمن إنشاء ديوان لحماية وادي ميزاب و ترقيته,Office
مرسوم رقم 87 - 231 مؤرخ في 11 ربيع الأول عام 1408 الموافق 3 نوفمبر سنة 1987 يتضمن إنشاء ديوان حظيرة الاهقار الوطنية,Office
مرسوم تنفيذي رقم 98-216 مؤرخ في 29 صفر عام 1419 الموافق 24 يونيو سنة 1998، يعدل المرسوم رقم 83-458 المؤرخ في 12 شوال عام 1403 الموافق 23 يوليو سنة 1983 الذي يحدد القانون الأساسي النموذجي للحظائر الوطنية,Office
مرسوم رقم 87 ـ 232 مؤرخ في 11 ربيع الأول عام 1408 الموافق 3 نوفمبر سنة 1987 يتضمن تنظيم حظيرة الاهقار الوطنية,Office
مرسوم رقم 83 - 458 مؤرخ في 12 شوال عام چ1403 الموافق 23 يوليو سنة 1983 يحدد القانون الاساسي النموذجي للحظائر الوطنية,Office
مرسوم رقم 72 - 168 مؤرخ في 16 جمادى الثانية عام 1392 الموافق 27 يوليو سنة1972 يتضمن انشاء الحظيرة الوطنية للطاسيلى و المؤسسة العمومية المكلفة بتسييرها ,Office
مرسوم رقم 87-89 مؤرخ فى 22 شعبان عام1407 الموافق21 ابريل سنة 1987 يقنن حظيرة التاسيلى الوطنية,Office
مرسوم رقم 87-88 مؤرخ فى 22 شعبان 1407الموافق21 ابريل سنة 1987 يتضمن اعادة تنظيم ديوان حظيرة التاسيلى الوطنية,Office
قرار وزاري مشترك مؤرخ في 29 ذي القعدة عام 1407 الموافق 25 يوليو سنة 1987 يتضمن التنظيم الداخلي لديوان حظيرة الطاسيلي الوطنية,Office
Décret exécutif n° 06-263 du 13 Rajab 1427 correspondant au 8 août 2006 portant création du musée national d'art moderne et contemporain,Musée
Arrêté du 6 Moharram 1427 correspondant au 5 février 2006 portant création de la commission de recours compétente à l'égard des corps des fonctionnaires du ministère de la culture,Ministère
Arrêté du 22 Chaâbane 1426 correspondant au 26 septembre 2005 fixant la composition des commissions paritaires compétentes à l'égard des corps des fonctionnaires de l'administration centrale du ministère de la culture,Ministère
Arrêté du 22 Chaâbane 1426 correspondant au 26 septembre 2005 portant création de commissions paritaires compétentes à l'égard des corps des fonctionnaires de l'administration centrale du ministère de la culture,Ministère
Arrêté du 13 Chaâbane 1426 correspondant au 17 septembre 2005 fixant la composition et le fonctionnement du bureau ministériel de la sûreté interne d\x92établissement au sein du ministère de la culture,Ministère
Décret exécutif n° 05-80 du 17 Moharram 1426 correspondant au 26 février 2005 portant organisation de l'administration centrale du ministère de la culture,Ministère
Décret exécutif n° 05-81 du 17 Moharram 1426 correspondant au 26 février 2005 portant organisation et fonctionnement de l'inspection générale du ministère de la culture,Ministère
Décret exécutif n°03-346 du 19 Chaâbane 1424 correspondant au 15 octobre 2003 modifiant le décret exécutif n°94-64 du 7 Chaoual 1414 correspondant au 19 mars 1994 instituant un régime indemnitaire au profit des travailleurs régis par le décret exécutif n°91-340 du 28 septembre 1991 portant statut particulier des travailleurs de la culture,Ministère
Arrêté du 13 Dhou El Hidja 1419 correspondant au 30 mars 1999 fixant les modalités d'organisation et de fonctionnement de la commission spécialisée d'attribution de subventions du fonds national pour la promotion et le développement des arts et des lettres,Fonds des arts et lettres ( F D A L ) 
Décret exécutif n° 98-116 du 21 Dhou El Hidja 1418 correspondant au 18 avril 1998 fixant les modalités de fonctionnement du compte d'affectation spéciale n° 302-092 intitulé « Fonds national pour la promotion et le développement des arts et des lettres »,Fonds des arts et lettres ( F D A L ) 
"Arrêté interministériel du 21 Dhou El Kaada 1419 correspondant au 9 mars 1999 fixant les modalités d'application du décret exécutif n° 98-116 du 21 Dhou El Hidja 1418 correspondant au 18 avril 1998 fixant les modalités de fonctionnement du compte d'affectation spéciale n° 302-092 intitulé ""Fonds national pour la promotion et le développement des arts et des lettres""",Fonds des arts et lettres ( F D A L ) 
"Arrêté interministériel du 26 Chaoual 1423 correspondant au 30 décembre 2002 fixant la nomenclature des recettes et des dépenses du compte d'affectation spéciale n° 302-092 intitulé ""Fonds national pour la promotion et le développement des arts et des lettres"".",Fonds des arts et lettres ( F D A L ) 
Décret exécutif n° 99-226 du 24 Joumada Ethania 1420 correspondant au 4 octobre 1999 fixant les modalités d'application de certaines dispositions de l'ordonnance n° 96-16 du 16 Safar 1417 correspondant au 2 juillet 1996 relative au dépôt légal,Droits d auteur et voisins ONDA
Arrêté du 12 Safar 1421 correspondant au 16 mai 2000 fixant les taux proportionnels et les tarifs forfaitaires de la redevance pour copie privée,Droits d auteur et voisins ONDA
Ordonnance n° 03-05 du 19 Joumada El Oula 1424 correspondant au 19 juillet 2003 relative aux droits d'auteur et aux droits voisins,Droits d auteur et voisins ONDA
Décret exécutif n° 03-278 du 24 Joumada Ethania 1424 correspondant au 23 août 2003 fixant le cadre réglementaire de diffusion de livres et ouvrages en Algérie,Droits d auteur et voisins ONDA
مرسوم تنفيذي رقم 05 - 79 مؤرخ في 17 محرم عام 1426 الموافق 26 فبراير سنة 2005، يحدد صلاحيات وزير الثقافة,Ministère
Arrêté du Aouel Safar 1427 correspondant au 1er mars 2006 portant institutionnalisation du festival culturel international de la bande dessinée,Festival
Arrêté du 23 Dhou El Kaada 1426 correspondant au 25 décembre 2005 portant institutionnalisation du festival culturel national du film amazigh,Festival
"Arrêté du 26 Safar 1427 correspondant au 26 mars 2006 portant institutionnalisation du festival culturel national de ""Ahlil""",Festival
Décret n° 63-116 du 17 avril 1963 portant publication de conventions et accords Algéro-Marocains en date du 15 mars 1963,Accord et coopération
Décret n° 63-294 du 02 août 1963  portant publication des accords  algéro-marocains du 30 avril 1962,Accord et coopération
"Décret n° 63-450 du 14 novembre 1963  portant ratification de conventions,  accords, déclarations et protocole entre  la République algérienne démocratique et  populaire et la République tunisienne  signés à Alger le 26 juillet 1963",Accord et coopération
"Décret n° 63-451 du 14 novembre 1963 portant ratification de convention, accord, protocoles et déclaration entre la République algérienne démocratique et populaire et la République tunisienne",Accord et coopération
Décret n° 64-48 du 31 janvier 1964 portant ratification des accords Algéro-Maliens,Accord et coopération
"Décret n° 84-54 du 3 mars 1984 portant ratification de l'accord commercial entre la République algérienne démocratique et populaire et la République argentine, signé à Buenos aires le 12 avril 1983",Accord et coopération
"Décret présidentiel n° 06-378 du 5 Chaoual 1427 correspondant au 28 octobre 2006 portant ratification de l'accord de coopération entre la République algérienne démocratique et populaire et la République portugaise dans les domaines de l'éducation, de l'enseignement supérieur et de la recherche scientifique, de la culture, de la jeunesse, du sport et de la communication, fait à Lisbonne le 31 mai 2005",Accord et coopération
Arrêté interministériel du 11 Chaâbane 1427 correspondant au 4 septembre 2006 fixant la composition et les modalités de fonctionnement de la commission centrale d'élaboration du projet de schéma directeur sectoriel des zones archéologiques et historiques,Ministère
مرسـوم رقم 86 ـ 139 مؤرخ في 3 شوال عام 1406 المـوافـق 10 يونيـو سنـة 1986 يتضمـن إنشاء قصر الثقافة,Palais de la culture 
Arrêté interministériel du 11 Chaâbane 1427 correspondant au 4 septembre 2006 fixant la composition et les modalités de fonctionnement de la commission centrale d'élaboration du projet de schéma directeur sectoriel des biens et des services et grands équipements culturels,Ministère
مرسوم رقم 87 - 139 مؤرخ في 12 شوال عام1407 الموافق 9 يونيو سنة1987 يتمم المرسوم رقم 86 - 139 المؤرخ في 10 يونيو سنة 1986 والمتضمن انشاء قصر الثقافة,Palais de la culture 
قرار وزاري مشترك مؤرخ في 29 ذي القعدة عام 1407 الموافق 25 يوليو سنة 1987 يتضمن التنظيم الداخلي لقصر الثقافة ,Palais de la culture 
"مرسوم رئاسي مؤرخ في 26 شعبان عام 1423 الموافق 2 نوفمبر سنة 2002، يتضمن تعيين مديرة قصر الثقافة ""مفدي زكريا"".",Palais de la culture 
قرار مؤرخ في 5 رمضان عام 1423 الموافق 10 نوفمبر سنة 2002، يتضمن تعيين أعضاء المجلس التوجيهي لقصر الثقافة,Palais de la culture 
Arrêté interministériel du 7 Rajab 1427 correspondant au 2 août 2006 portant création d\x92une annexe de la bibliothèque nationale d\x92Algérie à Biskra,Annexes Bibliothèque Nationale 
Arrêté interministériel du 7 Rajab 1427 correspondant au 2 août 2006 portant création d.une annexe de la bibliothèque nationale d\x92Algérie à Béchar,Annexes Bibliothèque Nationale 
Arrêté interministériel du 7 Rajab 1427 correspondant au 2 août 2006 portant création d\x92une annexe de la bibliothèque nationale d\x92Algérie à Tébessa,Annexes Bibliothèque Nationale 
Arrêté interministériel du 7 Rajab 1427 correspondant au 2 août 2006 portant création d.une annexe de la bibliothèque nationale d\x92Algérie à Djelfa,Annexes Bibliothèque Nationale 
Arrêté interministériel du 7 Rajab 1427 correspondant au 2 août 2006 portant création d\x92une annexe de la bibliothèque nationale d\x92Algérie à Mascara,Annexes Bibliothèque Nationale 
Arrêté interministériel du 11 Chaâbane 1427 correspondant au 4 septembre 2006 fixant la,Ministère 
Arrêté interministériel du 7 Rajab 1427 correspondant au 2 août 2006 portant création d\x92une annexe de la bibliothèque nationale d\x92Algérie à Aïn Témouchent,Annexes Bibliothèque Nationale 
Arrêté interministériel du 7 Rajab 1427 correspondant au 2 août 2006 portant création d\x92une annexe de la bibliothèque nationale d\x92Algérie à Relizane,Annexes Bibliothèque Nationale 
Arrêté interministériel du 11 Chaâbane 1427 correspondant au 4 septembre 2006 fixant la,Ministère 
قرار مؤرخ في 30 جمادى الأولي عام 1425 الموافق 18 يوليو سنة 2004، يتضمن تأسيس المهرجان الوطني لمسرح الهواة لمستغانم, Festival 
قرار مؤرخ في 21 شوال عام 1426 الموافق 23 نوفمبر سنة 2005، يتضمن تأسيس مهرجان ثقافي وطني للموسيقي والأغنية الحضرية, Festival 
قرار مؤرخ في 21 شوال عام 1426 الموافق 23 نوفمبر سنة 2005، يتضمن تأسيس مهرجان ثقافي وطني للعيساوة, Festival 
قرار مؤرخ في 21 شوال عام 1426 الموافق 23 نوفمبر سنة 2005، يتضمن تأسيس مهرجان ثقافي وطني للمسرح الهزلي, Festival 
قرار مؤرخ في 21 شوال عام 1426 الموافق 23 نوفمبر سنة 2005، يتضمن تأسيس  مهرجان ثقافي وطني للأغنية البدوية والشعر الشعبي, Festival 
قرار مؤرخ في أول صفر عام 1427 الموافق أول مارس سنة 2006، يتضمن تأسيس مهرجان ثقافي دولي لفن الشرائط المرسومة, Festival 
قرار وزارى مشترك مؤرخ في 26 شوال عام 1423 الموافق 30 ديسمبر سنة 2002،  يحدد قائمة  إيرادات ونفقات حساب التخصيص الخاص رقم  092-302 الذى عنوانه ,Fonds des arts et lettres ( F D A L ) 
قرار مؤرخ في 26 صفر عام 1427 الموافق 26 مارس سنة 2006، يتضمن تأسيس مهرجان ثقافي وطني , Festival 
قرار مؤرخ في 8 ربيع الثاني عام 1427 الموافق 6 مايو سنة 2006، يتضمن تأسيس مهرجان ثقافي وطني لموسيقي الحوزي.,Festival
قرار مؤرخ في 28 جمادى الثانية عام 1427 الموافق 24 يوليو سنة 2006، يتضمن تأسيس مهرجان ثقافي وطني للعرائس,Festival
قرار مؤرخ في 13 ذي الحجة عام 1419 الموافق 30 مارس سنة 1999، يحدد كيفيات تنظيم و تسيير اللجنة المختصة بمنح إعانات الصندوق الوطني لترقية الفنون و الآداب و تطويرها,Fonds des arts et lettres ( F D A L ) 
"قرار وزاري مشترك مؤرخ فى 21 ذي القعدة عام 1419 الموافق 9 مارس سنة 1999، يحدد كيفيات تطبيق المرسوم التنفيذي رقم 98 - 116 المؤرخ فى 21 ذي الحجة عام 1418 الموافق 18 أبريل سنة 1998 الذي يحدد كيفيات تسيير حساب التخصيص الخاص رقم 092 - 302 الذي عنوانه ""الصندوق الوطني لترقية الفنون والآداب و تطويرها",Fonds des arts et lettres ( F D A L ) 
مـرسوم تنفـيذي رقـم 98-116 مـؤرخ في 21 ذي الحجة عام 1418 الموافق 18 أبريل سنة 1998، يحدد كيفيات تسيير حساب التخصيص الخـاص رقم 092-302 الـذي عنـوانه  الصـنـدوق الوطـني لترقية الفنون و الآداب و تطويرها ,Fonds des arts et lettres ( F D A L ) 
"قرار وزاري مشترك مؤرخ في 6 جمادى الثانية عام 1427 الموافق 2 يوليو سنة 2006، يحدد قائمة إيرادات ونفقات حساب التخصيص الخاص رقم 014-302 الذي عنوانه ""صندوق تنمية فن السينما وتقنياته وصناعته",Fonds de développement de l'art de la technique et de l'industrie cinématographiques 
قرار مؤرخ فى 2 ربيع الثانى عام 1413 الموافق 29 سبتمبر سنة 1992، يتضمن إنشاء لجنة القراءة وتنظيمها وكيفية منح المساعدات لتشجيع الانتاج السمعى البصرى,Fonds de développement de l'art de la technique et de l'industrie cinématographiques 
مرسوم تنفيذي رقم 92 - 108 مؤرخ في 9 رمضان عام 1412 الموافق 14 مارس 1992، يعدل و يتمم المرسوم التنفيذي رقم 91-03 المؤرخ في 19 يناير سنة 1991 و الذي يحدد كيفيات سير صندوق تنمية الفن السنيمائي و تقنياته، و يضبط شروط تخصيص القروض و المساعدات التي يمنحها الصندوق,Fonds de développement de l'art de la technique et de l'industrie cinématographiques 
مرسوم تنفيذي رقم 91 - 03 مؤرخ في 3 رجب عام 1411 الموافق 19 يناير سنة 1991 يحدد كيفيات سير صندوق تنمية الفن السينمائي و تقنياته، و يضبط شروط تخصيص القروض و المساعدات التي يمنحها الصندوق,Fonds de développement de l'art de la technique et de l'industrie cinématographiques 
أمـر رقـم 68 - 612 مـؤرخ فـى 24 شعبـان عـام 1388 المـوافـق 15 نوفمبـر سنـة 1968 يتضمـن تعديـل و تتميـم الامر رقم 68 - 52 المؤرخ فى 6 ذى الحجة عام 1386 الموافق 17 مارس سنة 1967 و المتضمن تنظيم فن السينما  و صنـاعتهـا,Fonds de développement de l'art de la technique et de l'industrie cinématographiques 
مرسوم رقم 68 ـ 622 مؤرخ في 24 شعبان عام 1388 الموافق 15 نـوفمبر سنة 1968 يتضمـن إحداث مراكز للثقافة و الأنباء,ONCI 
قرار وزاري مشترك مؤرخ في 29 ذي القعدة عام 1407 الموافق 25 يوليو سنة 1987 يتضمن التنظيم الداخلي لمراكز الثقافة و الإعلام,ONCI 
مرسوم تنفيذي رقم 98-241 مؤرخ في 8 ربيع الثاني عام 1419 الموافق أول غشت سنة 1998، يتضمن تحويل مراكز الثقافة والأنباء الى ديوان وطني للثقافة والإعلام,ONCI 
قرار مؤرخ في 8 ذي القعدة عام 1422 الموافق 22 يناير سنة 2002، يتضمن تعيين أعضاء مجلس إدارة الديوان الوطني للثقافة والإعلام,ONCI 
مرسوم تنفيذى رقم 94-414 مؤرخ فى 19 جمادى الثانية عام 1415 الموافق 23 نوفمبر سنة 1994، يتضمن احداث مديريات للثقافة فى الولايات وتنظيمها,Direction culturelle
مرسوم تنفيذي رقم 92 ـ 281 مؤرخ في 5 محرم عام 1413 الموافق 6 يوليو سنة 1992، يتضمن احداث مديريات لثقافة و الاتصال و تنظيمها,Direction culturelle
قرار وزارى مشترك مؤرخ فى 21 رمضان عام 1394 الموافق 8 أكتوبر سنة 1974 يتضمن تحديد شروط تنظيم وتسيير مديريات الولايات المكلفة بالاخبار والثقافة,Direction culturelle
أمـر رقـم 67-52 مؤرخ في 6 ذي الحجة عام 1386 الموافق 17 مارس سنة 1967 يتضمن تنظيم فن السينما و صناعتها,Fonds de développement de l'art de la technique et de l'industrie cinématographiques 
مرسوم تنفيذي رقم 06 - 239 مؤرخ في 8 جمادي الثانية عام 1427 الموافق 4 يوليو سنة 2006، يحدد كيفيات تسيير حساب التخصيص الخاص رقم 123-302 الذي عنوانه  الصندوق الوطني للتراث الثقافي,Fond patrimoine 
Arrêté interministériel du 11 Chaâbane 1427 correspondant au 4 septembre 2006 fixant la composition et les modalités de fonctionnement de la commission centrale d'élaboration du projet de schéma directeur sectoriel des zones archéologiques et historiques,Loi
Arrêté interministériel du 11 Chaâbane 1427 correspondant au 4 septembre 2006 fixant la composition et les modalités de fonctionnement de la commission centrale d'élaboration du projet de schéma directeur sectoriel des biens et des services et grands équipements culturels,Loi
قرار مؤرخ في 25 جمادى الأولى عام 1427 الموافق 21 يونيو سنة 2006، يتضمن استخلاف عضو بالمجلس التوجيهي للمدرسة العليا للفنون الجميلة,Beaux arts 
قرار مؤرخ في 24 شوال عام 1424 الموافق 18 ديسمبر سنة 2003، يتضمن تعيين أعضاء المجلس التوجيهي للمدرسة العليا للفنون الجميلة,Beaux arts 
مرسوم تنفيذي رقم 93-214 مؤرخ في 11 ربيع الثاني عام 1414 الموافق 27 سبتمبر سنة 1993، يتضمن القانون الأساسي الخاص بالعمال  المنتمين للأسلاك النوعية التابعة للتكوين العالي الفني,Beaux arts 
مرسوم تنفيذي رقم 93-214 مؤرخ في 11 ربيع الثاني عام 1414 الموافق 27 سبتمبر سنة 1993، يتضمن القانون الأساسي الخاص بالعمال  المنتمين للأسلاك النوعية التابعة للتكوين العالي الفني,Musique 
مرسوم تنفيذي رقم 93-215 مؤرخ في 11 ربيع الثاني عام 1414 الموافق 27 سبتمبر,Musique 
مرسوم تنفيذي رقم 93-214 مؤرخ في 11 ربيع الثاني عام 1414 الموافق 27 سبتمبر سنة 1993، يتضمن القانون الأساسي الخاص بالعمال  المنتمين للأسلاك النوعية التابعة للتكوين العالي الفني,ISMAS 
مرسوم تنفيذي رقم 93-215 مؤرخ في 11 ربيع الثاني عام 1414 الموافق 27 سبتمبر,ISMAS 
قرار وزاري مشترك مؤرخ في 25 شعبان عام 1413 الموافق 17 فبراير سنة 1993، يتضمن انشاء لجنة قطاعية للوصاية التربوية على مؤسـسـات التعليـم العالي التابعة لوزارة الثقـافـة و الاتـصــال,Musique 
قرار وزاري مشترك مؤرخ في 25 شعبان عام 1413 الموافق 17 فبراير سنة 1993، يتضمن انشاء لجنة قطاعية للوصاية التربوية على مؤسـسـات التعليـم العالي التابعة لوزارة الثقـافـة و الاتـصــال,ISMAS 
قرار وزاري مشترك مؤرخ في 25 شعبان عام 1413 الموافق 17 فبراير سنة 1993، يتضمن انشاء لجنة قطاعية للوصاية التربوية على مؤسـسـات التعليـم العالي التابعة لوزارة الثقـافـة و الاتـصــال,Beaux arts 
مرسوم رقم 85-257 مؤرخ فى 8 صفر عام 1406 الموافق 22 اكتوبر سنة 1985 يحول المدرسة الوطنية للفنون الجميلة الى مدرسة عليا للفنون الجميلة,Beaux arts 
مرسوم رقم 85 ـ 243 مؤرخ فى 16 محرم عام 1406 الموافـق أول أكتوبـر سنة 1985 يتضمن القانون الاساسى النموذجى للمعاهـد الوطنية للتكوين العالى,Musique 
مرسوم رقم 85 ـ 243 مؤرخ فى 16 محرم عام 1406 الموافـق أول أكتوبـر سنة 1985 يتضمن القانون الاساسى النموذجى للمعاهـد الوطنية للتكوين العالى,Beaux arts 
مـرسوم رقـم 76-45 مؤرخ فى 20 صفر عام 1396 الموافق 20 فبراير سنة 1976 يتضمن   تنظيم الدراسة فى المدرسة الوطنية للفنون الجميلة,Beaux arts 
      أمـر رقـم 75-29 مؤرخ فى 17 ربيع الثانى عـام 1395 الموافق 29 ابريل سنة 1975 يتضمن تنظيم المدرسة الوطنية للفنون الجميلة,Beaux arts 
قـرار وزارى مشترك مؤرخ فى 14 شعبان عام 1393 الموافـق 12 سبتمبــر سنة 1973 يتضمـن الـحاق المدرسـة البلديـة للفنـون الجميلـة بقسنطينة بالمدرسة الوطنية للفنـون الجميلة لمدينة الجزائر,Beaux arts 
Décret exécutif n° 07-18 du 27 Dhou El Hidja 1427 correspondant au 16 janvier 2007 portant statut des théâtres régionaux,Théâtre 
"Décret exécutif n° 07-19 du 27 Dhou El Hidja 1427 correspondant au 16 janvier 2007 portant création du musée national de l'enluminure, de la miniature et de la calligraphie",Musée 
Arrêté du 8 Dhou El Kaada 1422 correspondant au 22 janvier 2002 portant désignation des membres du Conseil d'administration de l'Office national de la culture et de l'information,ONCI 
Décret présidentiel du 24 Rajab 1423 correspondant au 1er octobre 2002 portant nomination du directeur de l'office national de la culture et de l'information,ONCI 
Arrêté du 13 Chaâbane 1423 correspondant au 20 octobre 2002 portant nomination de deux membres du conseil d'administration de l'Office national de la culture et de l'information,ONCI 
Arrêté du 21 Rabie El Aonel 1426 correspondant au 30 avril 2005 portant création d'une annexe de l'office national de la culture et de l'information à Biskra,ONCI 
Arrêté du 21 Rabie El Aouel 1426 correspondant au 30 avril 2005 portant création d'une annexe de l'office national de la culture et de l'information à Tizi Ouzou,ONCI 
Arrêté du 21 Rabie El Aouel 1426 correspondant au 30 avril 2005 portant création d'une annexe de l'office national de la culture et de l'information à Constantine,ONCI 
Arrêté du 8 Moharram 1427 correspondant au 7 février 2006 portant composition du conseil d'administration de l'office national de la culture et de l'information,ONCI 
مرسوم تنفيذي رقم 98-236 مؤرخ في 4 ربيع الثاني عام 1419 الموافق 28 يوليو سنة 1998، يتضمن القانون الأٍساسي لدور الثقافة,Maisons de culture 
قرار وزارى مشترك مؤرخ في 29 ذي القعدة عام 1407 الموافق 25 يوليو سنة 1987 يتضمن التنظيم الداخلي لدور الثقافة,Maisons de culture 
قرار وزارى مشترك مؤرخ فى 18 ذى القعدة  عـام 1399 المـوافـق 10 أكتـوبر سنة 1979 يتعـلـق بتـوظـيـف المنشطـين الثقـافييـن  المتعـاقـدين فـى دور الثقـافـة و مـراكز  الثقـافـة و الاعـلام,Maisons de culture 
مـرسـوم رقـم 76-128 مؤرخ في 29 رجب عام 1396 المـوافـق 27 يـوليـو سنـة 1976 يتعلق بمـوظفي مديريـة وتنشيط دور الثقافة وتحديد مـرتبـات وشــروط تـوظيف مـديـر ومتصرف هذه المؤسسات,Maisons de culture 
مرسوم رقم 74-244 مؤرخ في 22 ذي القعدة عام 1394 الموافق 6 ديسمبر سنة 1974 يتضمن إنشاء دور للثقافة,Maisons de culture 
مرسوم رقم 74-244 مؤرخ في 22 ذي القعدة عام 1394 الموافق 6 ديسمبر سنة 1974 يتضمن إنشاء دور للثقافة,Maisons de culture 
قـرار وزارى مشتـرك مؤرخ فى 28 ذى الحجة عام 1395 الموافق 31 ديسمبر سنة 1975 يتضمن إلحـاق المـدرسة البـلدية  للفـنون الجميلة لـوهران بالمـدرسة الوطـنية للفـنون الجميلة  لمدينة الجزائر,Beaux arts 
مرسوم رقـم 69 - 189 مـؤرخ في 26 رمضـان عام 1389 الموافق 6 ديسمبر سنة 1969 يتضمن القانـون الأساسـي الخـاص للمزخرفيـن,Beaux arts 
 مرسوم رقـم 68 - 110 مؤرخ فى 10 صفر عام 1388 الموافق  8 مايو 1968 يتضمن تحويل المدرسة الوطنية للفنون الجميـلة لمدينة الجزائر الى مدرسة وطنية للهندسة المعمارية و الفنون الجميلة و انشـاء شـهادة الدولة للمهندس المعمارى,Beaux arts 
 قـرار مـؤرخ في 7 صفر عام 1387 الموافق 17 مايو سـنة 1967 يعدل بموجـبه القرار المؤرخ في 18 فبـراير سـنة 1956 و المتضمـن تنظيـم شـهادة الكفاءة للتكوين العالي في الفنون,Beaux arts 
قـرار مـؤرخ في 7 صفر عام 1387 الموافق 17 مايو سـنة 1967 يعدل بموجـبه القرار المؤرخ في 27 غشـت سـنة 1956 و المتـعلـق بتـنظيـم الدبلوم الوطني للفـنون الجمـيلة,Beaux arts 
مرسوم تنفيذي رقم 98-242 مؤرخ في 8 ربيع الثاني عام 1419 الموافق أول غشت سنة 1998، يتضمن القانون الأساسي للمدارس الجهوية للفنون الجميلة,Beaux arts 
مرسوم تنفيذي رقم 98-243 مؤرخ في  8 ربيع الثاني عام 1419 الموافق أول غشت سنة 1998، يتضمن إنشاء مدارس جهوية للفنون الجميلة,Beaux arts 
  مرسوم تنفيذي رقم 98-244 مؤرخ في 8 ربيع الثاني عام 1419 الموافق أول غشت سنة 1998، يحدث الشهادات ويحدد كيفيات تسليمها في المدارس الجهوية للفنون الجميلة,Beaux arts 
 قرار وزاري مشترك مؤرخ في 27 شعبان عام 1420 الموافق 5 ديسمبر سنة 1999،  يحدد شروط الدخول الى المدارس الجهوية للفنون الجميلة ونظام دروسها ومحتوى برامجها,Beaux arts 
 قرار وزاري مشترك مؤرخ في 27 شعبان عام 1420 الموافق 5  ديسمبر سنة 1999، يحدد التنظيم التربوي للمدارس الجهوية للفنون الجميلة,Beaux arts 
قرار وزاري مشترك مؤرخ في 4 ربيع الأول عام 1427 الموافق 3 أبريل سنة 2006، يتمم القرار الوزاري المشترك المؤرخ في 26 شعبان عام 1421 الموافق 22 نوفمبر سنة 2000 والمتضمن التنظيم الإداري للمدارس الجهوية للفنون الجميلة,Beaux arts 
قرار وزاري مشترك مؤرخ في 25 رجب عام 1424 الموافق 22 سبتمبر سنة 2003، يتضمن إنشاء ملحقة بعنابة للمدرسة الجهوية للفنون الجميلة لقسنطينة,Beaux arts 
قرار وزاري مشترك مؤرخ في 25 رجب عام 1424 الموافق 22 سبتمبر سنة 2003، يتضمن إنشاء ملحقة بتلمسان للمدرسة الجهوية للفنون الجميلة لوهران,Beaux arts 
قرار وزاري مشترك مؤرخ في 25 رجب عام 1424 الموافق 22 سبتمبر سنة 2003، يتضمن إنشاء ملحقة بسيدي بلعباس للمدرسة الجهوية للفنون الجميلة لوهران,Beaux arts 
قرار وزاري مشترك مؤرخ في 25 رجب عام 1424 الموافق 22 سبتمبر سنة 2003، يتضمن إنشاء ملحقة بسطيف للمدرسة الجهوية للفنون الجميلة لباتنة,Beaux arts 
Arrêté du 10 Chaoual 1427 correspondant au 2 novembre 2006 portant nomination des membres du conseil d\x92orientation du centre national des manuscrits,Centre 
Arrêté du 23 Chaoual 1427 correspondant au 15 novembre 2006 portant nomination des,ISMAS 

