nom,ville
Mus?e National CIRTA,Constantine
Mus?e National Nasr Eddine Dinet de Bou-Sa?da,M sila
Mus?e National de Setif,Setif
Mus?e National des Antiquit,Alger
Mus?e National des Beaux Arts,Alger
Mus?e National ZABANA,Oran
Site de Djemila,Setif
Qal?a des Beni Hammad,M sila
Musee National des Arts  et  Traditions Populaires,Alger
Site de Djemila,Setif
Office national de culture et d'information,Alger
Centre des Arts et de la Culture du Palais des Ra?s (Bastion 23),Alger
Mus?e National du BARDO,Alger
Pont romain,Constantine
Place des martyrs Site Naturel (Adrar) ,Adrar
Places de l'Ind?pendance Site Naturel (Timimoun) ,Adrar
Ksar de Tamentit Centre.Urb.Vivant.(Timimoun) ,Adrar
Casbah de Melouka Monument de Culte Islam (Timimoun) ,Adrar
L'Ancien H?pital d'Adrar Const/Mod. (Adrar) ,Adrar
Mosa?que de l'Eglise ?uvre d'art/Ant. (Chlef) ,Chlef
Ruines romaines de la Kal?a des ouled Abdallah Ruines/Ant. (T?n?s) ,Chlef
Mosqu?e du vieux T?nes Mon.de Culte/Islam. (T?n?s) ,Chlef
Dessins rupestres ?uvres d'art/Pr?Hist. (El Guicha) ,Laghouat
Rocher Fromentin Site Naturel (Laghouat) ,Laghouat
Gravures rupestres Oued Remailia ?uvres d'art / Pr?Hist. (Sidi-Makhlouf) ,Laghouat
El Hasbaia Site / Pr?Hist. (Laghouat) ,Laghouat
Zaouia Tidjania Mon. de culte/Islam (Ain Madhi) ,Laghouat
Centrale ?lectrique diesel de Laghouat Ouvrage/Indust.Mod (Laghouat) ,Laghouat
Dolmens et Cromlechs Mon. Fun/Pr?-.Hist. (Sigus) ,Oum el Bouaghi
Gorges de Tilatou Site naturel (Tilatou) ,Batna
Village de Bouzina Site naturel (Bouzina) ,Batna
Village de Tagoust Site naturel (Tagoust) ,Batna
Village d'Amentane Site naturel (Menaa) ,Batna
Village de Tighanimine Site naturel (Tighanimine) ,Batna
Canon de Rhouffi Site naturel (T'Kout) ,Batna
Ruines de la ville antique de Tobna Ruines/Ant. (Bitam Barika) ,Batna
Mausol?e des Rois numides dit le Medracen Mon.Fun./Ant. (El-Madher) ,Batna
Arc de triomphe de Markouna Mon.Hon/Ant. (Tazoult),Batna
Territoires et monuments de l'antique lambaesis Sites et monuments/Ant. (Tazoult) ,Batna
Territoires et monuments de l'antique Thamugadi Sites et monuments/Ant. (Timgad) ,Batna
Gorges de Foum Ksentina Site naturel (Timgad) ,Batna
Territoires et monuments de l'Antique Diana Veteranorum (Zana) Sites et monuments/Ant. (Ain Djesser) ,Batna
R?serves Igelfen Mon/Ant. (Tigharghar) ,Batna
R?serves de Baloul Mon/Ant. (Tigharghar) ,Batna
Maison Meddour Edifice/Mod. (Arris) ,Batna
Maison de la famille Ba?ziz Edifice/Mod. (Arris) ,Batna
Village de Men?a Site naturel (Men?a) ,Batna
Restes de l'enceinte fortifi?e de la Porte Fouka Ruines/Med. (B?jaia) ,Bejaia
Fort Moussa dit Fort Barral Fortification/Med. (B?jaia) ,Bejaia
Fort de la Casbah Fortification/Med. (B?jaia) ,Bejaia
Porte dor?e ou porte de la mer Mon.d'Acc?s/Med. (B?jaia) ,Bejaia
Corniche Site naturel (Tichy) ,Bejaia
Corniche Site naturel (Aokas) ,Bejaia
Corniche Site naturel Souk (Tenine) ,Bejaia
Maison du Congr?s de la Soummam Mon.Comm?m. (Ouzzelaguen) ,Bejaia
Koubba Sidi-Touati Mon.Fun../Med (B?jaia) ,Bejaia
Remparts Hammadites Fortif./Med. (B?jaia) ,Bejaia
Site de Taklat Site/Ant. (El- Kseur) ,Bejaia
R?serves Romaines Mon/Ant. (El- Kseur) ,Bejaia
Cippe Romain Pierre fun?raire/Ant. (B?jaia) ,Bejaia
Mihrab de la mosqu?e Ibn Toumert Pi?ce. de mon de culte/Islam. (B?jaia) ,Bejaia
Citadelle des Zianides d?nomm?e Lassouar Fortif./Med. (El- Kseur) ,Bejaia
Corniche Site Naturel (B?jaia) ,Bejaia
Restes de thermes Ruines/Ant. (Biskra) ,Biskra
Ruines de Gemellae Ruines/Ant. (M'lili) oinp,Biskra
Porte en bois de la Mosqu?e El?ment (Sidi-Okba) ,Biskra
Gorges et village de Djemina Site naturel (M'Choun?che) ,Biskra
Gorges de M'Chouneche Site naturel (M'Choun?che) ,Biskra
Village de Kebach Site naturel (M'Choun?che) ,Biskra
Gorges de Khenguet Sidi-Nadji Site naturel Khenguet (Sidi-Nadji) ,Biskra
Village Islam Khenguet Sidi-Nadji Ensemble de gravures rupestres autour de Ain-Naga ,Biskra
?uvres d'art/Pr?-.Hist (Ain-Naga) ,Biskra
Borne miliaire de Seba Mgata El?ment de rep?re/Ant (El-Kantara) ,Biskra
Inscription encastr?e dans la porte du caravans?rail Epigraphe/Ant. (El Outaya) ,Biskra
Ruines de l'Amphith??tre Ruines/Ant. (El Outaya) ,Biskra
Pont Romaine Mon./Ant. (El-Kantara) ,Biskra
Collection lapidaire d?pos?e au mus?e de la ville Pi?ces d'?uvres d'art /Ant (El-Kantara) ,Biskra
Gorges d'El Kantara Site naturel (El-Kantara) ,Biskra
Mosqu?e et mausol?e de sidi Okba Mon.de culte/Islam (Sidi-Okba) ,Biskra
Barrage de foume El-Ghorza Ouvrage.Hyd./Mod (Sidi-Okba) ,Biskra
Mosqu?e de Sidi Khaled Mon.de culte/ Islam (Sidi- Khaled ,Biskra
Site de Thouda Site.Comm?m./Islam (Sidi-Okba) ,Biskra
Gorge de Sidi Masmoudi Site Naturel (M'Choun?che) ,Biskra
Ksar de Kenadsa Centre Hist.Vivant (Kenadsa) ,Bechar
Ksar de Taghit Centre Hist.Vivant (Taghit) ,Bechar
Ksar de Beni Abbes Centre Hist.Vivant. (Beni Abbes) ,Bechar
Chemin Abel de Chr?a Site Naturel (Blida) ,Blida
"For?t des Azerou, canton Taouialt et Tikjda Site Naturel (Bechloul) ",Bouira
Inscription et fragments antiques d?pos?s sur l'esplanade appartenant ? l'Etat Epigraphe/Ant Sour (El-Ghozlane) ,Bouira
Abalessa et le tombeau (site pr?historique de (Tin-Hinan) Mon.Fun/Pr?-.Hist Tamanrasset (Site de l'Ahaggar) ,Tamanghasset
"Parc naturel et culturel Tamanrasset (In Salah, In Guezzam, Timzaoutine, Tazrouk, Abalessa, Ain Amguel) ",Tamanghasset
Stations abris de Bir Sedet Site/Pr?-.Hist. (Ch?ria) ,Tebessa
Garet Retba Site/Pr?-.Hist. (Ch?ria) ,Tebessa
Chabet Siboun Site/Pr?-.Hist. (Ch?ria) ,Tebessa
Damou kermaia Site/Pr?-.Hist. (Ch?ria) ,Tebessa
Fadje Relilai Mengart Site/Pr?-.Hist. (Ch?ria) ,Tebessa
Foum Relilai Menguebba Site/Pr?-.Hist (Ch?ria) ,Tebessa
Relilai Tlidjen Site/Pr?-.Hist (Ch?ria) ,Tebessa
Ruines antiques Ruines/Ant. (Morsott) ,Tebessa
Gorges de Bou Akkous Site Naturel (Morsott) ,Tebessa
Grottes de Bou Akkous Site Naturel (Morsott) ,Tebessa
Village de Youkous Site Naturel (Hammamet) ,Tebessa
Arc de Caracalla Mon.Honorif/ Ant (Tebessa) ,Tebessa
Amphith??tre Mon de spectacle/Ant (Tebessa) ,Tebessa
Mur d'Epoque Byzantine Fortif./Ant. (Tebessa) ,Tebessa
Basilique Mon. De culte/Ant. (Tebessa) ,Tebessa
Quartier de la Zaouia ( Fouilles) Site en fouille/Ant (Tebessa) ,Tebessa
Territoires et Monuments Antiques de Th?veste Site et Mon./Ant. (Tebessa) ,Tebessa
Temple Romain de Tebessa Khalia Mon de Culte/Ant. (Tebessa) ,Tebessa
Tour du Djebel Mestiri Mon. Surveil/Ant. (Tebessa) ,Tebessa
Cimeti?re de l'?cole du Dr. S?adane Mon. Fun/Ant. (Tebessa) ,Tebessa
L'huilerie de Brizgane Ouvrage.Indus/Ant. (El-Ma-El-Biodh) ,Tebessa
Port de Honain Mon./Med (Honain) ,Tlemcen
Rempart de la Casbah Fortif./Med. (Nedroma) ,Tlemcen
Bain Maure Thermes/Med (Nedroma) ,Tlemcen
Mosqu?e des Gueddarines Mon.culte/Islam. (Nedroma) ,Tlemcen
Mosqu?e de Sidi-Mendil Mon.culte/Islam (Nedroma) ,Tlemcen
Grande Mosqu?e Mon.culte/Islam (Nedroma) ,Tlemcen
Marabout de Sidi Brahim Mon. Fun /Islam (Nedroma) ,Tlemcen
Mausol?e de Sidi-Bouali Mon. Fun /Islam (Nedroma) ,Tlemcen
Gisement du lac Karar Site/Pr?-.Hist. (Remchi) ,Tlemcen
Mosqu?e de Beni Snous Mon.culte/Islam (Remchi) ,Tlemcen
Village de Tafessera Site Naturel (Remchi) ,Tlemcen
Village de Tleta Site Naturel (Remchi) ,Tlemcen
Village de Sahra Site Naturel (Remchi) ,Tlemcen
Mosqu?e de Khemis Mon.culte/Islam (Remchi) ,Tlemcen
Mosqu?e de Sidi Bou Ishaq Tayar Mon.culte/Islam (Tlemcen) ,Tlemcen
Ruines et minaret au cimeti?re de sidi Senouci ? El Obbad Ruines/Med. (Tlemcen) ,Tlemcen
Grande mosqu?e et d?pendance : Minaret de la Mosqu?e Mon de culte/Islam. (Tlemcen) ,Tlemcen
Sidi-Belhassen Rachidi Mon.fun/ Islam. (Tlemcen) ,Tlemcen
Minaret de la Mosqu?e Sidi-Hac?ne El?ment de Mon de Culte/Islam (Tlemcen) ,Tlemcen
Mosqu?e de Sidi Boumedi?ne et d?pendances :Medersas. Kouba latrines publiques bains ,Tlemcen
Maison de l'Oukil et des p?lerins Mon deCulte/ Islam (Tlemcen) ,Tlemcen
Mosqu?e de Si-Bel- Hassen Mon deCulte/ Islam (Tlemcen) ,Tlemcen
Mosqu?e de Lala Erroyat Rue des Almohades Mon deCulte/ Islam (Tlemcen) ,Tlemcen
Mosqu?e de Sidi-Senoussi (rue de Mascara) Mon deCulte/ Islam (Tlemcen) ,Tlemcen
Mosqu?e du Mechouar Mon deCulte/ Islam (Tlemcen) ,Tlemcen
Mosqu?e Bab Zir et deux Marabouts du cimeti?re d'El Obbad Es Soufli Mon deCulte et Mon Fun (Tlemcen) ,Tlemcen
Mosqu?e des Oulad El-Imam Mon deCulte/ Islam (Tlemcen) ,Tlemcen
Ancienne Mosqu?e de Sidi-El Ghali (rue Lamorci?re) Mon deCulte/ Islam (Tlemcen) ,Tlemcen
Marabout de Sidi Brahim Mon Fun/Islam (Tlemcen) ,Tlemcen
Marabout de Sidi-El Wahab Mon Fun/Islam (Tlemcen) ,Tlemcen
Kobba dite du Khalifat cimeti?re de Sidi-Yakoub Mon Fun/Islam (Tlemcen) ,Tlemcen
Kobba de Sidi El Daoudi Mon Fun/Islam (Tlemcen) ,Tlemcen
Agadir (site) Site/Med (Tlemcen) ,Tlemcen
Mosqu?e et Miraret de Mansourah et d?pendances Mon.et El?m. culte/Med (Mansourah) ,Tlemcen
Mosqu?e Sidi El Haloui et d?pendances Mon. et El?m culte//Med (Mansourah) ,Tlemcen
Tombeaux dits de la sultane au cimeti?re de Sidi Yakoub Mon.Fun./Med (Mansourah) ,Tlemcen
Petit palais des sultanes ? El- Obbad ? El fouqui Mon. R?sidence/Med (Mansourah) ,Tlemcen
Magasin et agence des monuments historiques Mon.Hist-d?p?ts/Med (Mansourah) ,Tlemcen
Enceinte en pise de Mansourah et ruines de la Macalla Fortif./Med (Mansourah) ,Tlemcen
"Porte de Mansourah, fragments divers de l'?poque arabe au mus?e de la mairie ",Tlemcen
Mon.d'Acc?s/Med (Mansourah) ,Tlemcen
Colonnes provenant de la mosqu?e de Mansourah El?ments d'architecture/Med. (Mansourah) ,Tlemcen
Tour et ruines de la porte de Sidi El Daoudi sur le front Est. Mon.Surveillance et ruines/Med (Mansourah) ,Tlemcen
Porte dite ? Bab el Khemis entre Tlemcen et Mansourah Mon.d'Acc?s/Med. (Tlemcen) ,Tlemcen
Reste de fortification Bordjs et autres ouvrages d?pendant des fronts Sud et Ouest ,Tlemcen
Fortifications/Med (Mansourah) ,Tlemcen
El Mechouar Fortif./Med (Tlemcen) ,Tlemcen
Mausol?e de Sidi el Habbek Mon.Fun./Islam. (Tlemcen) ,Tlemcen
Sahridj M'badda Ouvrage Hydraulique/Islam. (Tlemcen) ,Tlemcen
Porte de Bab El Kermadine sur le front Nord-Ouest et improprement appel?e ? Bab El Toi ? ,Tlemcen
Mon.d'Acc?s/Med (Tlemcen) ,Tlemcen
Minaret d'Agadir El?m. de Mon. de culte/Med (Tlemcen) ,Tlemcen
Mosqu?e de Sidi Brahim El Masmoudi Mon.de Culte (Tlemcen) ,Tlemcen
Kobba de Sidi Abdallah Ben Mansour et de Sidi Ben Ali ? Ain El Hout Mon. Fun./Med. . (Tlemcen) ,Tlemcen
Djeddars Mon.Fun./Ant. (Frenda) ,Tiaret
Bled Touta Lakania et grottes se rapportant ? la tradition de l'historien Ibn Khaldoun Site Naturel (Frenda) ,Tiaret
Dolmens Mon.Fun./Pr?-.Hist (Tiaret) ,Tiaret
Site de Tahert Tagdemt Site. Cap./Med. (Tagdemt) ,Tiaret
Haras de Chaouchaoua Jumenterie/Mod. (Tiaret) ,Tiaret
Ruines romaines dites ? El Habs El Ksour ? Formant le lot domanial n? 243 sommier de consistance d ?Azzazga Ruines/Ant. (Azzefoun) ,Tizi Ouzou
Mausol?e romain de Teksebt Mon.Fun./Ant. (Iflissen) ,Tizi Ouzou
Ruines romaines temples basiliques Ruines Mon.de Culte/Ant. (Tigzirt) ,Tizi Ouzou
R?sidence d'ouled Kaci Mon .Hist./Mod. (Tizi-ouzou) ,Tizi Ouzou
Le fort de Sabaou ou Bordj de Tizi-ouzou Fortification (Tizi-ouzou) ,Tizi Ouzou
La station hydraulique de Boghni Mon.Industrie/Mod (Illiten) ,Tizi Ouzou
Maison de Lalla Fatma N'soumer Mon.Comm?m./Mod. (Iferhounane) ,Tlemcen
Dolmens Bologhine Ibnou Ziri Mon.Fun/Pr?-.Hist (Bologhine) ,Alger
Inscription Romaine grav? sur une pierre encastr?e dans la fa?ade d'un immeuble situ? rue Bab Azzoun ? l'angle de la rue caftan Epigraphe/Ant (Casbah) ,Alger
Vestiges des Fortifications dites Bastion XI Fortif./Med. (Casbah ,Alger
Mosqu?e Ketchaoua Mon de Culte/Islam. (Casbah) ,Alger
Mosqu?e Ali Bitchin Mon de Culte/Islam (Casbah) ,Alger
Djam?a El Kebir Mon de Culte/Islam (Casbah) ,Alger
Mosqu?e Abderrahmane El-T?albi Mon de Culte/Islam (Casbah) ,Alger
Mosqu?e Sidi Ramdane Mon de Culte/Islam (Casbah) ,Alger
Casbah d'Alger Centre.Urb.Vivant/ Med. (Casbah) ,Alger
Djam?a Safir Mon. de Culte/Islam (Casbah Oued ?Koriche) ,Alger
Mosqu?e Mohamed Cherif Mon. de Culte/Islam (Casbah Oued Koriche) ,Alger
Marabout du ? Jardin Marengo ? connu sous le nom du Tombeau de la Reine Mon.Fun/ Islam (Casbah Oued Koriche) ,Alger
Marabout a coupole Hassen Pacha dit Ben Ali situ? rue du m?me nom. Mon.Fun/ Islam (Casbah Oued Koriche) ,Alger
Dar Hassen Pacha Demeure/Mod (Casbah Oued Koriche) ,Alger
Groupe de maisons mauresques (Bastion 23) ex. rue du 14 juin Demeures/Mod. (Casbah Oued Koriche) ,Alger
Dar Es Souf (ex. cour d'assises) Demeure/Mod (Casbah Oued Koriche) ,Alger
Dar Kkhaznadji ( ex Archev?ch?) Demeure/Mod (Casbah Oued Koriche) ,Alger
Dar Mustapha Pacha (ex Biblioth?que Nationale) Demeure/Mod Casbah (Oued Koriche Casbah) (Forteresse) Fortif./Mod. (Casbah Oued Koriche) ,Alger
Djam?a El Djedid Mon.de Culte/Islam. (Casbah Oued Koriche) ,Alger
Vertiges de l'enceinte de la Madina d'Alger qui comprend les Fronts ( Bab Azzoun) et Nord-Ouest ( Bab El Oued) El?ment de Fortif./Med (Casbah Oued Koriche) ,Alger
Porte turque de l'Arsenal Mon.d'Ac?e /Med. (Casbah Oued Koriche) ,Alger
Porte du penon Mon.d'Ac?e/Med (Oued Koriche Casbah) ,Alger
Fontaine de la cale aux vins Ouv.Hyd./Med (Oued Koriche) ,Alger
Fontaine de l'Amiraut? ?uvre d'art/Mod (Oued Koriche Casbah) ,Alger
Bible d'autel dans le temple protestant de la rue Chartes El?m.de Mon.DeCulte/Med (Oued Koriche Casbah) ,Alger
Divers Objets de culte dans les synagogues de l'impasse Boutin N?2 et la rue M?d?e Objets de Culte/ Med (Oued Koriche Casbah) ,Alger
"Rouleaux de la loi et divers objets de culte en argent appartenant ? synagogue de la place Randon au 2eme et 3eme ?tages de l'immeuble du consistoire, 1 rue Volland Objets de Culte/ Med (Oued Koriche Casbah) ",Alger
Parchemins dits s?raphines et garnitures de la synagogue de la rue Scipion Manus.Et Objets de Culte/Med (Oued Koriche Casbah) ,Alger
Jardin Marengo Site Naturel (Oued Koriche Casbah) ,Alger
For?t domaniale dit Bois de Boulogne Site Naturel (Birmandreis) ,Alger
Belvedre du chemin des cr?tes Site Naturel (Birmandreis) ,Alger
Bois entourant le Fort l'empreur Site Naturel (El Biar) ,Alger
Citadelle du Fort l'empreur Fortif./Mod (El Biar) ,Alger
"Partie nord de la falaise saint Rapha?l comprenant les parcelles ou parties des parcelles n? 12225,1296,1300,1309,1313,1315 ? (El Biar) Site Naturel (El Biar) ",Alger
Villa ? second weber ? et le bois de pins qui l'entoure sur l'?peron de la falaise saint Rapha?l. Demeure et SN/Mod (El Biar) ,Alger
Bordj Polignac Fortif. Et SN/Mod (Bouzar?ah) ,Alger
Abords du Bordj Polignac Site Naturel (Bouzar?ah) ,Alger
Mosqu?e et marabouts dits de Sidi Madjouba Mon.Fun.et de Culte/Islam (Bouzar?ah) ,Alger
Cimeti?re de sidi Madjouba Mon.Fun./ Islam (Bouzar?ah) ,Alger
Tombeaux m?galithiques sur le plateau de Beni Messous Mon.Fun./Pr?-.Hist. (Beni messous) ,Alger
Villa Hussein-Dey Demeure./Mod (Hussein-Dey) ,Alger
Abords de la Villa Louvet Site Naturel (Hussein-Dey) ,Alger
Villa des Arcades Demeure./Mod (El ? Madania) ,Alger
Abords de la Villa des Arcades Site Naturel (El Madania) ,Alger
Fontaines arabe et marabout ou Hamma lieu dit ? les Platanes au jardin d'Essai Ouv.Hyd.Mon.Fun/Mod (Sidi-M'hamed) ,Alger
La Casbah d'Alger,Alger
Timgad,Batna
Le site de Tipasa,Tipaza
La vall?e du M'Zab ,Ghardaia
Le Parc National du Tassili,Illizi
Grande Mosqu?e Mon.de Culte/Islam.,Mostaganem
Fort Et ?Tork (fort de l'Est) Fortif./Med,Mostaganem
Dolmens de Salluste situ?s aupr?s de l'emplacement des anciens,Constantine
jardins de Constantine. Mon.Fun./Pr?-.Hist (Constantine),Constantine
Aqueduc romain Ouvr.Hidr./Ant. (Constantine),Constantine
Pont romain Ouvrage/Ant. (Constantine) ,Constantine
Tombeau de Praecillius Mon.Fun./Ant. (Constantine) ,Constantine
Mosqu?e de Souk El Ghezel (ex Cath?drale) Mon.de Culte/Med.,Constantine
Mosqu?e de Sidi Lakhdar Mon.de Culte/Islam. (Constantine) ,Constantine
Partie de l'ancienne m?dersa qui renferme :les tombeaux de Salah Bey et de sa famille Mon.Fun./Mod (Constantine) ,Constantine
Palais Ahmed Bey Demeure/Mod. (Constantine),Constantine
Fragments antiques et inscription dans le square Vestiges&Epigraphe/Ant. (Constantine),Constantine
Inscription des Martyrs Saint Jacques et Saint Marien Epigraphe/Ant. (Constantine) ,Constantine
Mosa?que de Penth?sil?e d?couverte aux Ouled Agla et d?pos?e ? la pr?fecture de Constantine ?uvre d'Art/Ant. (Constantine) ,Constantine
Objets antiques d?pos?s au mus?e de Constantine appartement ? l'Etat Collection/Ant. (Constantine) ,Constantine
Gorges du Rhummel Site Naturel (Constantine) ,Constantine
Dolmens et Cromlechs 35km du sud de Constantine Ras El Ain Bou Merzoug Ouled Rahmoune Mon.Fun./Pr?-.Hist. (Ouled Rahmoune),Constantine
Site de Tiddis Site /Ant. (Hamma-Bouziane),Constantine
Veille ville de Constantine Centre Hist.Vivant (Constantine ville) ,Constantine
Prison d'El Koudia Mon.P?nitencier/Mod (Constantine Ville) ,Constantine
Dolmens et cromlechs au lieu dit djebel Ksaibi ? 32 Kms de Constantine Ouled Rahmoune Mon.Fun./Pr?-.Hist. (Ouled Rahmoune) ,Constantine
Mausol?e Gr?co-Punique appel? Souma? Mon.fun./Ant. (El ?Khroub) ,Constantine
Villa Abdelatif Demeure/Mod (Sidi-M'hamed) ,Alger
Dolmens et cromlechs au lieu dit Djebel Mazalaa ? 16 Kms d'El Khroub Mon.Fun./Pr?-.Hist. (Ouled Rahmoune) ,Constantine
Villa Mahieddine Demeure/Mod (Sidi-M'hamed) ,Alger
Place publique Site Naturel (Bouzar?ah) ,Alger
Villa Mahieddine Site Naturel (Sidi-M'hamed) ,Alger
Jardin d'Essai du Hamma Site Naturel El Hamma-Annassers ,Alger
Parc de la libert? Site Naturel (Sidi-M'hamed) ,Alger
Palais Mustapha Pacha Demeure/Mod (Sidi-M'hamed) ,Alger
Prison de Barbarousse Mon.P?nitencier /Mod (Casbah Oued Koriche) ,Alger
Maison Boukenoura Demeure/Mod ,Alger
Mosa?que de la mosqu?e de Tadfina ? Tlemcen d?pos?e au mus?e national des antiquit?s ?uvre d'art/Ant (Sidi-M'hamed) ,Alger
Maison des ? 22 ? Mon.Comm?m./Mod (El-Mouradia) ,Alger
Mus?e du Bardo Demeure /Mod (Alger centre) ,Alger
Maison o? sont morts Ali la Pointe et ses compagnons Mon.Comm?m./Mod (Casbah Oued Koriche) ,Alger
Fort Turc de Bordj El Kiffane Fortif./Med (Bordj El Kiffane) ,Alger
Mus?e National des Antiquit?s Demeure /Mod (Sidi-M'hamed) ,Alger
L'Edifice abritant l'h?tel El Djaza?r Edifice.Touriste (El-Madania) ,Alger
Phare de cap Caxine Signal. Maritime/ Mod. (Sidi-M'hamed) ,Alger
Mus?e National des Beaux ?Arts Edifice/Mod. (Sidi-M'hamed) ,Alger
Palais du peuple Edifice/Mod. (Sidi-M'hamed) ,Alger
Hadjra Sidi Boubeker (Gravures rupestres) ?uvre d'art/Pr?-.Hist (Ain El Ibel) ,Djelfa
Kheneg El-Hillal (Gravures rupestres) ?uvre d'art/ Pr?-.Hist (Ain El Ibel) ,Djelfa
Zeccar (Gravures rupestres) ?uvre d'art/ Pr?-.Hist (Zeccar) ,Djelfa
Dolmens du Moulin de Djelfa Mon.Fun/ Pr?-.Hist (Djelfa) ,Djelfa
Dolmens ? droite de la route d'Alger ? Laghouat Mon.Fun/ Pr?-.Hist (Djelfa) ,Djelfa
Corniche Site Naturel (El Aouana) ,Jijel
Corniche Site Naturel Ziama (Mansouriah) ,Jijel
Grottes Merveilleuses Site Naturel/Pr?-.Hist. (Ziama Mansouriah) ,Jijel
Site de Tisselil Site/Ant (Stara) ,Jijel
Site de Rabta Site/Ant (Jijel) ,Jijel
Village de Tidget Guergour Site Naturel (Ghenzet) ,Setif
Gorges de Chabet Akra Site Naturel (Ghenzet) ,Setif
Territoires et Monuments de l'Antique Cuicul Site et Mon./Ant. (Djemila) ,Setif
Citadelle de Setif Fortif./Ant (Setif) ,Setif
"Zone arch?ologique : quartier de la basilique , rempart, cirque,quartier du temple Site et Mon./Ant. (Setif) ",Setif
Site D'Ikdjen Site/Med (Ain El Kebira) ,Setif
Ain El Fouara Fontaine oeuvre d'art/Med (Setif) ,Setif
Grottes de Tiffrit Site/ Pr?-.Hist. (Ain Soltane) ,Saida
Grottes de Oued Saida Site/ Pr?-.Hist. (Saida) ,Saida
Site de Ain Mena? Site/ Pr?-.Hist. (Ain Lahdjar) ,Saida
Site Timzighine Site/ Pr?-.Hist. (Youb) ,Saida
Th??tre Romain et fragments d'architecture qu'il renferme Mon. de Spectacle/Ant (Skikda) ,Skikda
Objets antiques d?pos?s au mus?e de Skikda appartenant ? l'Etat Objets/Ant (Skikda) ,Skikda
Toile repr?sentant l'ensevelissement du Christ attribu? ? Van Dyck ?uvre d'art/Ant (Skikda) ,Skikda
Palais Meriem Azza Demeure/Mod (Skikda) ,Skikda
La grande mosqu?e Mon. de Culte/Islam (Collo) ,Skikda
Camps de Bossuet Mon.P?nitencier/ Mod (Dhaya) ,Sidi Bel Abbes
Citerne d'Hippone Ouv.Hyd./Ant (Annaba) ,Annaba
Ruines d'Hippone Ruines/Ant (Annaba) ,Annaba
"La citadelle, fort des supplicit?s et les vestiges du rempart de la ville Fortif./Mod (Annaba) ",Annaba
Mosqu?e du Bey Mon.de Culte/Islam. (Annaba) ,Annaba
Koubba de Sidi Brahim El Mirdassi Mon.de Culte/Islam (Annaba) ,Annaba
Grottes du Djebel Taya (r?gion de Oued Charef Site Naturel/Pr?-.Hist (Bou Hamdane) ,Guelma
Piscine romaine (Hammam Berda) Thermes/Ant. (Heliopolis) ,Guelma
Restes de th??tre et Thermes Elem.deMon./Ant (Guelma) ,Guelma
Dolmens et grottes fun?raires ? 12 Kms au nord de Hammam Meskoutine Mon. Fun./ Pr?-.Hist (Rokina) ,Guelma
Ruines de la ville de Thibilis Ruin?s/Ant. (Bellaoua Announa) ,Guelma
Ruines de la ville de Thibilis Ruin?s/Ant. (Bellaoua Announa) ,Guelma
Hammam Debagh (Meskhoutine) Thermes/Ant. (Hammam Debagh) ,Guelma
Site Khenguet El Hadjar Site Natu./ Pr?-.Hist. (Salaout Announa) ,Guelma
Dolmens de Cheniour Mon.Fun./Pr?-.Hist. (Ain El Arbi) ,Guelma
Site de Ain Nechma Site/ Pr?-.Hist. (Ben-Djerrah) ,Guelma
Citadelle Bouatfane Fortif./Ant. (Ain El Arbi) ,Guelma
Kef Bouzioune Zatara antique Site/Ant. (Bouhachana) ,Guelma
Zaouia Cheikh El Hafnaoui Bedyar Mon.de Culte/Islam. (Beni Mezlin) ,Guelma
Sour Ethakana el Kadi?m Fortif./Mod. (Guelma) ,Guelma
Office du Parc de la Vall?e du M?ZAB ,Ghardaia
Porte de Santon Mon.d'Ac?e/Mod (Oran) ,Oran
Restes d'une ville romaine Ruines /Ant. (Bethioua) ,Oran
Ville punique des Andalouses Ruines /Ant. (Boutellis) ,Oran
Abri Alain Site./Pr?-His (Oran) ,Oran
Grottes d'El Cuartel Site./Pr?-His (Oran) ,Oran
Mosqu?e Mohamed Kebir Mon.de Culte/Islam (Oran) ,Oran
Mosqu?e du Pacha Mon.de Culte/Islam (Oran) ,Oran
Minaret du campement El?m.de Mon.de Culte. (Oran) ,Oran
Minaret de la Mosqu?e du Pacha El?m.de Mon.de Culte. (Oran) ,Oran
Caravans?rail Edif. /Mod (Oran) ,Oran
Palais du Bey Demeure/Mod (Oran) ,Oran
Porte Espagnole du ch?teau dite ? Porte d'Espagne ? Mon.d'Ac?e/Mod (Oran) ,Oran
Pavillon de la Favorite El?m.D'Edif/Mod (Oran) ,Oran
Mosqu?e Mohamed El Houari Mon.de Culte/Islam (Oran) ,Oran
Porte de la manutention militaire El?m.de Const. Milit /Mod (Oran) ,Oran
Ecusson espagnol sculpt? sur l'ext?rieur du mur d'enceinte du ch?teau neuf El?m.d'?uvre d'art/ Mod (Oran) ,Oran
Tambour de San Jos? El?m.d'architec./ Mod (Oran) ,Oran
Fontaine de la Place Emerat ?uvre .d'art/Mod (Oran) ,Oran
Office du Parc National du TASSILI,Illizi
Porte de Castel Mon.d'Ac?e/Mod (Oran) ,Oran
Porte d'entr?e Ch?teau neuf Mon.d'Ac?e/Mod (Oran) ,Oran
Posada Espagnole Relais/Mod. (Oran) ,Oran
Site de Benia constituant l'emplacement de l'ancienne ville d'Achir ? 4 Kms au sud ?ouest de Tletat Ed Douair Site/ Capitale/Med. (Tletat Ed Douair) ,Medea
Monuments fun?raires ?mergeant du sol de l'ancienne n?cropole Mon.Fun./Ant. (Djouab) ,Medea
Restes de maison d'enceinte de porte ? Rapidum Site/Ant (Djouab) ,Medea
Achir (palais de Ziri et le Menzeh bent Es Soltane) Demeures/Mod. (Kef Lakhdar) ,Medea
Dar El Bey d?nomm?e Dar EL Emir Abdelkader Mon.Commemor./Mod (M?d?a) ,Medea
Grande Mosqu?e Mon.de Culte/Islam. (Mostaganem) ,Mostaganem
Fort Et ?Tork (fort de l'Est) Fortif./Med. (Mostaganem) ,Mostaganem
Kal?a desBeni Hammad Site-Capitale/Med. (M?adid) ,M sila
Camps d'El Djorf Mon.P?nitencier/ Med. (Ouled Derradj) ,M sila
Ruines de l'Antique Aquae Sienses Ruines /Ant Bou Hanifia (El Hammamet) ,M sila
Mosqu?e au Douar d'El Guetna Mon.de Culte/Islam (Hacine) ,Mascara
Mosqu?e de Ain Beida Mon.de Culte/Islam (Mascara) ,Mascara
Mosqu?e Djema? El-Kebir Mon.de Culte/Islam (Mascara) ,Mascara
Mosqu?e Djema? El-Kebir Mon.de Culte/Islam (Mascara) ,Mascara
Ruines de la Zaouia de Sidi Mahieddine Ruines/Mon de Culte/Islam (Sidi-Kada) ,Mascara
Bains dits de ? Emir AbdeEl Kader Thermes/Mod (Sidi Kada) ,Mascara
Remparts en terre avec ses cr?neaux ruines concernant l'Emir Abdelkader Fortif./Mod (Sidi-Kada) ,Mascara
Bois d'oliviers pr?s des ruines se rapportant ? la tradition de l'Emir Abdelkader Site Naturel (Sidi-Kada) ,Mascara
Gisement pr?historique de Ternifine Site/ Pr?-His. (Tighenif) ,Mascara
Site de Dardara Site.Commemo./ (Mod Ghriss) ,Mascara
L'Etat Major de l'Emir Abdelkader Edif./Milite/Mod (Mascara) ,Mascara
Tribunal de l'Emir Abdelkader Edif./justice (Mascara) ,Mascara
Ruines de Sedrata Site/Capital/Islam. (Ouargla) ,Ouargla
Vall?e de l'Oued Djerat Site/Pr?-His. (Ouargla) ,Ouargla
Ksar de Ouargla Centre.Urb.Vivant. (Ouargla) ,Ouargla
Ksar de Temacine Centre.Urb.Vivant. (Temacine) ,Ouargla
Mus?e Saharien Demeure/.Trad. (Ouargla) ,Ouargla
Chapelle de Santa Cruz Mon.de Culte/Mod (Oran) ,Oran
Inscription de la rue du vieux ch?teau Epigraphe/Mod (Oran) ,Oran
Echauguette d'angle du mur d'enceinte du ch?teau neuf El?m.d'architec/ Mod (Oran) ,Oran
Collection pr?historique d?pos?e au mus?e d'(Oran) appartenant ? l'Etat Collect/Pr?-.Hist (Oran) ,Oran
Mosa?que provenant d'une maison de Bethioua d?pos?e au mus?e d'Oran appartenant ? l'Etat ?uvre d'art/Ant (Oran) ,Oran
Promenande de l'?tang Site Naturel (Oran) ,Oran
Site du Murdjadjo Site Naturel (Oran) ,Oran
Cimeti?re dit ? Des chol?riques ? au ravin de Ras El Ain Mon.Fun./Mod (Oran) ,Oran
Prison centrale d'Oran Mon.P?nitencier/ Mod (Oran) ,Oran
Merdoufa (site rupestre) Site/ .Pr?-.Hist (Gassoul) ,El Bayadh
Tassili N'Ajjer Parc culturel culturel (Djanet) ,Illizi
Ruines de l'ancienne cit? de Tihamamine Ruines/Ant (El Hammadia) ,Bordj Bou Arreridj
Fort Turc de Bordj El Bahri ( La P?rouse) Fortif./Med (Ain Taya) ,Boumerdes
Eglise d'El Kala Mon. de Culte/Mod (El Kala) ,El Tarf
Ruines du Bastion de France entre El Kala et Annaba Ruines /Mod (El Kala) ,El Tarf
Casbah de Bela?mach Centre.Urb.Vivant (Tindouf) ,Tindouf
Parcs nationaux d'Ain N'Sour et Theniet el Had Sites Naturels (Theniat El Had) ,Tindouf
Gisement de Columnata III Site.Pr?-Hist (Sidi Hosni) ,Tindouf
Zaouia Tidjania Mon. de Culte./Islam (Guemar) ,El Oued
Vall?e Oued Beni Barbar Site Naturel (Khenchela) ,Khenchela
Gorges de l'Oued El Arab Site Naturel (Khenchela) ,Khenchela
Grottes de Fringal Site Naturel (Khenchela) ,Khenchela
Village de Djellal Site Naturel (Djellal) ,Khenchela
Village de Tabardga Site Naturel (Charchar) ,Khenchela
Village de Tizigarine Site Naturel (Bouhmama) ,Khenchela
Site de Baghai Site /Med. (Baghai) ,Khenchela
Ksar d'El Djaz?a Mon.Fun. (El Mahmmel) ,Khenchela
Ruines du palais Byzantin Ruine/Ant (M'Daourouche) ,Souk Ahras
Mausol?e romain Mon.Fun./Ant (M'Daourouche) ,Souk Ahras
Territoires et monuments de l'Antique Thubusicum Numidarum Site /Ant (Khemissa) ,Souk Ahras
"Restes de citadelle, enceinte Byzantine de Tiffech ( (Tipaza) de Numidie) Ruine/Ant (Tiffech) ",Souk Ahras
Statues et fragments antiques d?pos?s au jardin de la commune ?uvres d'art/Ant (Souk-Ahras) ,Souk Ahras
Mausol?e Romain situ? sur un terrain domanial dans le Douar des Ouled Soukies ( Ksar El Ahmar) . Mon.Fun./Ant (Taoura) ,Souk Ahras
For?t de Ba?nem Site Naturel (Ain Benian) ,Tipaza
For?t de Ba?nem Site Naturel (Ch?raga) ,Tipaza
For?t de Sidi Ferruch Site Naturel (Staou?li) ,Tipaza
Extr?mit? Nord-Ouest de la presqu'?le Sidi Ferruch contenant des Ruines Romaines (Terrain militaire) Ruines /Ant (Staou?li) ,Tipaza
Citerne sous la caserne Ouv-Hydr/Ant (Cherchell) ,Tipaza
Restes des Thermes Ouest et Est Ruines /Ant (Cherchell) ,Tipaza
Restes de l'Amphith??tre El?m.de Mon.Spect/Ant (Cherchell) ,Tipaza
Chaire construite en l'an 981 de l'H?gire dans la mosqu?e El?m.de Mon. de Culte/Islam (Cherchell) ,Tipaza
Objets Antiques d?pos?s au mus?e de (Cherchell) appartenant ? l'Etat Collections/Ant (Cherchell) ,Tipaza
Acqueduc ? 5 Km de (Cherchell) Ouvr.Hydr/Ant (Cherchell) ,Tipaza
"Caid Youcef ,Ruines Romaines Ruines/Ant (Cherchell) ",Tipaza
Cap dit ? les Trois Il?ts ? Ruines /Ant (Cherchell) ,Tipaza
Mosqu?e des cents Colonnes.Cimeti?re d'El Ghobrini Mon.de Culte/Islam (Cherchell) ,Tipaza
Acqueduc antique ? Sidi Ammar Ouvr.Hydr/Ant (Sidi Ammar) ,Tipaza
Mausol?e royal de Maur?tanie (Tombeau de la Chr?tienne) Mon.Fun./Ant (Hadjout) ,Tipaza
Mosqu?e de la place romaine Mon.de Culte/Islam (Cherchell) ,Tipaza
Remparts Romains et Cimeti?re Punique Fortif. Et Mon.Fun/Ant (Hadjout) ,Tipaza
Ch?teau d'eau Ouvr.Hydr/Ant (Hadjout) ,Tipaza
Parcelles du terrain comprises entre la route du Phare et la mer Site Naturel (Tipaza) ,Tipaza
Place Publique Site Naturel (Tipaza) ,Tipaza
Restes du Th??tre El?m. De Mon.de Spect/Ant (Tipaza) ,Tipaza
Restes d'une Basilique et d'un Cimeti?re El?m. De Mon. Fun & Culte/Ant (Tipaza) ,Tipaza
Ruines d'un pr?toire Ruines /Ant (Tipaza) ,Tipaza
Sarcophage et Fragments Antiques El?m Fun/Ant (Tipaza) ,Tipaza
Ferme de Nador Ruines /Ant (Tipaza) ,Tipaza
Littoral de (Tipaza) comprenant les parcelles Site Naturel (Tipaza) ,Tipaza
Cascade de B?rard Site Naturel (Tipaza) ,Tipaza
Ancien Mus?e de (Cherchell) Edifice./Mod (Cherchell) ,Tipaza
Place des Martyrs Site Naturel (Cherchell) ,Tipaza
L'ensemble de l'Enceinte Romaine Fortif./Ant. (Cherchell) ,Tipaza
Il?t de Sidi Ali Ferhi (ex. Joinville) Site /Ant (Cherchell) ,Tipaza
N?cropole de l'Oued N'sara Mon.Fun./Ant (Cherchell) ,Tipaza
Pont Romain Ouvrage/Ant. (Cherchell) ,Tipaza
Tombeau de l'Oued El Kantara Mon.Fun./Ant. (Cherchell) ,Tipaza
Forum de (Cherchell) Place Pub./Ant. (Cherchell) ,Tipaza
Ain Ksiba Site/Ant. (Cherchell) ,Tipaza
Propri?t? Kaddour dit ? Boufarik ? R?serve Archeol./Ant (Cherchell) ,Tipaza
N?cropole de Djorf Torba Mon.Fun./Ant. (Ain S?fra) ,Naama
Traces de la Jument de Sidi Cheikh ? Theniet Azzia Site Naturel(Empreintes) (Ain Sefra) ,Naama
Ksar de Moghrar Tahtani Centre Urb. Vivant (Na?ma) ,Naama
Royaume Numide de Syphax ( Siga) Site/Capital/Ant. (Oulhassa) ,Ain Temouchent
Remparts de Beni Isguen Fortif./ Med. (Gharda?a) ,Ghardaia
Vall?e du M'zab Centre Urb.Vivant (Gharda?a) ,Ghardaia
Ksar de Metlili Centre Urb. Vibant (Metlili) ,Ghardaia
Ksar de Berriane et son Oasis Centre Urb. Vibant (Berriane) ,Ghardaia
Ksar de Guerrara et son Oasis Centre Urb. Vibant (Guerrara) ,Ghardaia
Vieux Ksar d'El M?nia? Centre Urb. Vibant (El Meniaa) ,Ghardaia
Ruines de Kaoua Ruines/Ant. (Ammi Moussa) ,Relizane
Centre des arts et de la culture du Palais Des Rais (Bastion 23) ,Alger
Centre National des Manuscrits,Adrar
Centre National des Etudes et Recherches  Pr?historiques Anthropologiques et Historiques ,Alger
Office du Parc National de l?AHAGGAR ,Tamanghasset
Office National de Gestion et d'Exploitation des Biens Culturels Prot?g?s ( ex. ANAPSMH) ,Alger
Parcs nationaux d'Ain N'Sour et Theniet el Had Sites Naturels (Theniat El Had) ,Tissemsilt
Th??tre de Bejaia,Bejaia
Th??tre r?gional AZZEDDINE MEDJOUBI de Annaba,Annaba
Th??tre r?gional de Batna (TRB),Batna
Th??tre r?gional de Sidi Bel Abb,Sidi Bel Abbes
"Mus?e National de l'enluminure, de la miniature et de la calligraphie",Alger
Mus?e National d'art moderne et contemporain ,Alger
Centre culturel Alg?rien ? Paris,<blank>
Centre culturel Alg?rien en ?gypte,Wilaya
Centre national de recherche en archeologie,Wilaya
OFFICE N ATIONAL DES DROITS D'AUTEURS,Alger
BALLET NATIONAL,Alger
Orchestre Symphonique National,Alger
Centre Alg?rien de la cin?matographie (Cin?matheque) ,Alger
Centre national de la cin?matographie et de l'audiovisuel (CNCA) (ex centre de diffusion) ,Alger
Office RIADH EL FETH,Alger
Ecole sup?rieure des beaux arts,Alger
Ecole R?gionale des Beaux Arts d'Oran,Oran
Ecole R?gionale des Beaux Arts de Constantine,Constantine
Ecole R?gionale des Beaux Arts de Batna,Batna
Ecole R?gionale des Beaux Arts de Azazga,Tizi Ouzou
Biblioth?que nationale d'Alg?rie,Alger
Ecole R?gionale des Beaux Arts de Mostaganem,Mostaganem
Institut sup?rieur des m?tiers des arts du spectacle et de l'audiovisuel,Alger
Institut national sup?rieur de musique ,Alger
Institut r?gional de formation musicale d'Alger,Alger
Institut r?gional de formation musicale de Batna,Batna
Institut r?gional de formation musicale de Bouira,Bouira
Institut r?gional de formation musicale d' Oran,Oran
Maison de culture Mostaganem,Mostaganem
Maison de culture El Oued ,El Oued
Maison de culture Djelfa ,Djelfa
Maison de culture Biskra ,Biskra
Maison de culture B?jaia ,Bejaia
Maison de culture Saida ,Saida
Maison de culture Laghouat ,Laghouat
Maison de culture Guelma,Guelma
Maison de culture Oum El Bouaghi,Oum el Bouaghi
Maison de culture Adrar,Adrar
Maison de culture Ouargla,Ouargla
Maison de culture Tamanrasset ,Tamanghasset
Maison de culture Tissemsilt,Tissemsilt
Maison de culture Batna ,Batna
Maison de culture Annaba,Annaba
Maison de culture Constantine,Constantine
Maison de culture Tlemcen ,Tlemcen
Maison de culture Tebessa ,Tebessa
Maison de culture Med,Medea
Maison de culture Oran,Oran
Maison de culture M'SILA ,M sila
Maison de culture Setif ,Setif
Maison de culture Bordj Bou Arreridj ,Bordj Bou Arreridj
Maison de culture Tizi Ouzou,Tizi Ouzou
Maison de culture El Bayadh ,El Bayadh
Maison de culture Mascara,Mascara
Maison de culture Ain Temouchent ,Ain Temouchent
Maison de culture Boumerdes,Boumerdes
Maison de culture Khenchela,Khenchela
Maison de culture B?char,Bechar
Maison de culture Illizi ,Illizi
Maison de culture Jijel,Jijel
Agence Algerienne pour le Rayonnement Culturel,Alger
Th??tre National Alg?rien,Alger
Th??tre R?gional d?Oran,Oran
Th??tre R?gional de Constantine ,Constantine
Th??tre R?gional de Tizi Ouzou (TRTO),Tizi Ouzou

